FacultyID,Name,Designation,WebsiteExpertise,ScholarExpertise,FinalExpertise
F001,Mr. Piyush Shaha,Assistant Professor,,,
F002,Dr. Rohit Kumar Sharma,Associate Professor,,,
F003,Ms. Shubhi Trivedi,Assistant Professor,,,
F004,Dr. Shubhangi Vitthal Gaikwad,Assistant Professor,"Marketing, Advertising, HR, General Management related Subjects",,"Marketing, Advertising, HR, General Management related Subjects"
F005,Dr. Kishor Rambhau Kolhe,Associate Professor,"Network and Security, Software Engineering, Internet of Things, Blockchain Technology.",,"Network and Security, Software Engineering, Internet of Things, Blockchain Technology."
F006,Dr. Aarti Renukadas Shastri,Assistant Professor,Natural Products,,Natural Products
F007,Dr. Vishnu Prabhakar Choudhari,Professor,,,
F008,Dr. Shivangi Jaiswal,Assistant Professor,,,
F009,Dr. Chandrashekhar Himmatrao Patil,Associate Professor,,,
F010,Dr. Shilpa Samir Chapadgaonkar,,"Dr. Shilpa S. Chapadgaonkar is working in the field of new drug discovery and bioprocess development for high value biopharmaceuticals and biosimilars. She is engaged in the development of bioremediation technology for tackling the plastic waste, de-inking and resuse of paper and pulp, for valorization of agricultural wastes, novel enzyme formulations for industrial applications.",,"Dr. Shilpa S. Chapadgaonkar is working in the field of new drug discovery and bioprocess development for high value biopharmaceuticals and biosimilars. She is engaged in the development of bioremediation technology for tackling the plastic waste, de-inking and resuse of paper and pulp, for valorization of agricultural wastes, novel enzyme formulations for industrial applications."
F011,Dr. Pooja Pravin Gundewar,Associate Professor,"Computer Vision, Digital Image Processing, Transducer and Signal Conditioning, Robotics and Automation, Mechatronics",,"Computer Vision, Digital Image Processing, Transducer and Signal Conditioning, Robotics and Automation, Mechatronics"
F012,Dr. Rahul Verma,Assistant Professor,"Classical Sociological Theories, Sociology of Religion, Social Networks, Sociology of Industry",,"Classical Sociological Theories, Sociology of Religion, Social Networks, Sociology of Industry"
F013,Mr. Heramb Chintamani Phadake,Assistant Professor,"Air conditioning, Energy optimization https://scholar.google.com/citations?user=mFxti-YAAAAJ&hl=en",,"Air conditioning, Energy optimization https://scholar.google.com/citations?user=mFxti-YAAAAJ&hl=en"
F014,Mrs. Asha Rajendra Sanap,,,,
F015,Mrs. Mayuri Dabhi,Assistant Professor,,,
F016,Dr. Neha Bokey,Assistant Professor,Her research area of interest include molecular biology and Biochemistry. human gutmicrobiome related health issues. She is working on metabolomics and metagenomic analysis of human gut microbiome.,,Her research area of interest include molecular biology and Biochemistry. human gutmicrobiome related health issues. She is working on metabolomics and metagenomic analysis of human gut microbiome.
F017,Dr. Manasi Gokhale,Assistant Professor,"Financial Reporting, Corporate Governance, CSR, and Sustainability reporting Orchid ID 0000-0002-9835-6050",,"Financial Reporting, Corporate Governance, CSR, and Sustainability reporting Orchid ID 0000-0002-9835-6050"
F018,Dr. Deepak Kumar,Assistant Professor,"Vortex-induced Vibrations, Drag reduction and Flow Control, Fluid-Structure Interaction, Thermal management of systems",,"Vortex-induced Vibrations, Drag reduction and Flow Control, Fluid-Structure Interaction, Thermal management of systems"
F019,Dr. Shamim Mohammad,Associate Professor,,,
F020,Dr. Santosh Aghav,,,,
F021,Mr. Mandar Bapat,Assistant Professor,,,
F022,Dr. Vinayak Sudhakar Wadgaonkar,Assistant Professor,"His research area of interests includes hydrogen production, natural gas engineering and waste water treatment using adsorption, environmental engineering.",,"His research area of interests includes hydrogen production, natural gas engineering and waste water treatment using adsorption, environmental engineering."
F023,Dr. Rupali Ram Sonolikar,Assistant Professor,,,
F024,Dr. Puskaraj Devidas Sonawwanay,Associate Professor,"Dr Puskaraj D Sonawwanay's research interests are focused on Materials Processing, Mechanical Engineering Design, and Concentrated Solar Energy",,"Dr Puskaraj D Sonawwanay's research interests are focused on Materials Processing, Mechanical Engineering Design, and Concentrated Solar Energy"
F025,Dr. Meenal Kaustubh Pendse,Associate Professor,,,
F026,Dr. Deependra Sharma,,,,
F027,Mr. Kundan Ramesh Nagare,Assistant Professor,Matriod Theory Patent Published (359351-001) - Robotic device to capture marine life samples,,Matriod Theory Patent Published (359351-001) - Robotic device to capture marine life samples
F028,Dr. Nitin Namdeo Pise,Professor,"Artificial Intelligence, Machine Learning, Data Science & Analytics, Blockchain",,"Artificial Intelligence, Machine Learning, Data Science & Analytics, Blockchain"
F029,Dr. Pournima Nilesh Inamdar,,,,
F030,Ms. Renuka Deshpande,Assistant Professor,,,
F031,Dr. Meenakshi Shankar Iyer,Assistant Professor,"Big data analysis, genomics, transcriptomics, bacterial, viral, medicinal plant and cancer sample omics, protein sequence analysis and evolution, protein structural biology, in silico vaccine design and epitope prediction.",,"Big data analysis, genomics, transcriptomics, bacterial, viral, medicinal plant and cancer sample omics, protein sequence analysis and evolution, protein structural biology, in silico vaccine design and epitope prediction."
F032,Mr. Akshay Ugale,Assistant Professor,,,
F033,Ms. Ruchika Khetarpal,Assistant Professor,,,
F034,Dr. Mandar Sapre,Assistant Professor,"Mathematics, Finite Element Analysis, Optimization, Application Development, and Machine Learning",,"Mathematics, Finite Element Analysis, Optimization, Application Development, and Machine Learning"
F035,Dr. Kiran Kisan Kokate,Associate Professor,,,
F036,Dr. Chandrashekhar Digambarrao Bobade,Assistant Professor,"Material Science Surface modifications of Biomaterials, Chronotherapeutic and polymeric drug delivery system",,"Material Science Surface modifications of Biomaterials, Chronotherapeutic and polymeric drug delivery system"
F037,Dr. Mukesh Kumar Pal,Assistant Professor,Mathematical modelling of Smart materials; Elastodynamics; Wave Propagation,,Mathematical modelling of Smart materials; Elastodynamics; Wave Propagation
F038,Mr. Akshat Bhargava,Assistant Professor,,,
F039,Mr. Parimal Maya Sudhakar,Associate Professor,,,
F040,Dr. Manisha Ravikumar Kowdiki,Assistant Professor,"DIP, AI-ML, Electronics",,"DIP, AI-ML, Electronics"
F041,Ms. Amruta Pradeep Dixit,Assistant Professor,,,
F042,Dr. Sudeepta Banerjee,Assistant Professor,,,
F043,Dr. Ashwini Bagkar,Assistant Professor,,,
F044,Dr. Namrata Sathe,Assistant Professor,,,
F045,Dr. Mukul Sacchit Godbole,Assistant Professor,"breast cancer, steroid hormones and receptors, cancer cell biology, metastasis, and microbiomes",,"breast cancer, steroid hormones and receptors, cancer cell biology, metastasis, and microbiomes"
F046,Ms. Pranati Prabhakar Waghodekar,Assistant Professor,,,
F047,Ms. Vaishnavi Andhare,Assistant Professor,,,
F048,Ms. Garima Chaudhary,Assistant Professor,,,
F049,Dr. Mangesh Vilas Bedekar,,"Web Data Mining, Personalisation, User Modelling, Human Computer Interaction",,"Web Data Mining, Personalisation, User Modelling, Human Computer Interaction"
F050,Dr. Purna Kumari,Assistant Professor,,,
F051,Dr. Deepak Popat Hujare,,"NVH, Condition Monitoring, FEA, Acoustics and Vibration, System Modelling, Bio Mechanics",,"NVH, Condition Monitoring, FEA, Acoustics and Vibration, System Modelling, Bio Mechanics"
F052,Dr. Shweta Yogesh Kukade,Assistant Professor,Wireless Communication / IoT,,Wireless Communication / IoT
F053,Dr. Ketaki Hanamant Kulkarni,Assistant Professor,,,
F054,Dr. Mithila Arvind Biniwale,,,,
F055,Mr. Maisam Ali,Assistant Professor,,,
F056,Dr. Mohit Kant Kaushik,Assistant Professor,,,
F057,Mrs. Gauri Rahul Dhongade,,,,
F058,Mr. Pralhad Atmaram Pesode,Assistant Professor,"Biomaterial, Surface modification of biomaterial, Material science, Materials Characterization, Advanced Manufacturing Processes, Nanocomposites for biomedical applications. Publication 1)Thakur Bhaskar, Shivprakash Barve, and Pralhad Pesode. ""Investigation on mechanical properties of AZ31B magnesium alloy manufactured by stir casting process."" Journal of the Mechanical Behavior of Biomedical Materials 138 (2023): 105641. (2) Pesode Pralhad, and Shivprakash Barve. ""Surface modification of titanium and titanium alloy by plasma electrolytic oxidation process for biomedical applications: A review."" Materials Today: Proceedings 46 (2021): 594-602. (3)Pesode Pralhad A., and Shivprakash B. Barve. ""Recent advances on the antibacterial coating on titanium implant by micro-Arc oxidation process."" Materials Today: Proceedings 47 (2021): 5652-5662. (4) Wankhede Sagar, Pralhad Pesode, Sanjay Gaikwad, Sumod Pawar, and Amar Chipade. ""Implementing Combinative Distance Base Assessment (CODAS) for Selection of Natural Fibre for Long Lasting Composites."" In Materials Science Forum, vol. 1081, pp. 41-48. Trans Tech Publications Ltd, 2023. (5)Pralhad Pesode, Shivprakash Barve, Yogesh Mane,Shailendra Dayane, Snehal Kolekar, Kahtan A. Mohammed. “Recent Advances on Biocompatible Coating on Magnesium Alloys by Micro Arc Oxidation Technique” Key Engineering Materials 944 (2023):117-134. (6)Pesode Pralhad, Shivprakash Barve, Sagar V. Wankhede, and Amar Chipade. ""Metal oxide coating on biodegradable magnesium alloys."" 3c Empresa: investigación y pensamiento crítico 12, no. 1 (2023): 392-421. (7)Pesode Pralhad, and Shivprakash Barve. ""Magnesium Alloy for Biomedical Applications."" In Advanced Materials for Biomechanical Applications, pp. 133-158. CRC Press, 2022. (8)Thakur Bhaskar, Shivprakash Barve, and Pralhad Pesode. ""Magnesium-Based Nanocomposites for Biomedical Applications."" In Advanced Materials for Biomechanical Applications, pp. 113-131. CRC Press, 2022. https://scholar.google.com/citations?view_op=list_works&hl=en&hl=en&user=4NBv0vMAAAAJ",,"Biomaterial, Surface modification of biomaterial, Material science, Materials Characterization, Advanced Manufacturing Processes, Nanocomposites for biomedical applications. Publication 1)Thakur Bhaskar, Shivprakash Barve, and Pralhad Pesode. ""Investigation on mechanical properties of AZ31B magnesium alloy manufactured by stir casting process."" Journal of the Mechanical Behavior of Biomedical Materials 138 (2023): 105641. (2) Pesode Pralhad, and Shivprakash Barve. ""Surface modification of titanium and titanium alloy by plasma electrolytic oxidation process for biomedical applications: A review."" Materials Today: Proceedings 46 (2021): 594-602. (3)Pesode Pralhad A., and Shivprakash B. Barve. ""Recent advances on the antibacterial coating on titanium implant by micro-Arc oxidation process."" Materials Today: Proceedings 47 (2021): 5652-5662. (4) Wankhede Sagar, Pralhad Pesode, Sanjay Gaikwad, Sumod Pawar, and Amar Chipade. ""Implementing Combinative Distance Base Assessment (CODAS) for Selection of Natural Fibre for Long Lasting Composites."" In Materials Science Forum, vol. 1081, pp. 41-48. Trans Tech Publications Ltd, 2023. (5)Pralhad Pesode, Shivprakash Barve, Yogesh Mane,Shailendra Dayane, Snehal Kolekar, Kahtan A. Mohammed. “Recent Advances on Biocompatible Coating on Magnesium Alloys by Micro Arc Oxidation Technique” Key Engineering Materials 944 (2023):117-134. (6)Pesode Pralhad, Shivprakash Barve, Sagar V. Wankhede, and Amar Chipade. ""Metal oxide coating on biodegradable magnesium alloys."" 3c Empresa: investigación y pensamiento crítico 12, no. 1 (2023): 392-421. (7)Pesode Pralhad, and Shivprakash Barve. ""Magnesium Alloy for Biomedical Applications."" In Advanced Materials for Biomechanical Applications, pp. 133-158. CRC Press, 2022. (8)Thakur Bhaskar, Shivprakash Barve, and Pralhad Pesode. ""Magnesium-Based Nanocomposites for Biomedical Applications."" In Advanced Materials for Biomechanical Applications, pp. 113-131. CRC Press, 2022. https://scholar.google.com/citations?view_op=list_works&hl=en&hl=en&user=4NBv0vMAAAAJ"
F059,Dr. Priyanka Kumari,Assistant Professor,,,
F060,Dr. Nithya N Kutty,Assistant Professor,,,
F061,Dr. Sumitra Narayan Motade,Assistant Professor,"Internet of Things, Wireless Communication",,"Internet of Things, Wireless Communication"
F062,Dr. Vinayak Prabhakar Musale,Assistant Professor,,,
F063,Dr. Shweta Devendra Shirolkar,Assistant Professor,,,
F064,Dr. Anuja Amlesh Askhedkar,,,,
F065,Mrs. Diksha Dinar Bedekar,Assistant Professor,,,
F066,Mrs. Vandana Swapnil Jagtap,Assistant Professor,"Machine Learning, Artificial Intelligence, Data Science",,"Machine Learning, Artificial Intelligence, Data Science"
F067,Dr. Sachin Prakash Srivastava,Assistant Professor,,,
F068,Dr. Shivani Gupta,Assistant Professor,"Advanced Manufacturing Technology, Additive manufacturing, Microwave materials processing, Biomaterial/Biocomposites, Material Characterizations, Modeling and Simulation, Biosensors, Thinfilm coating Research Publications International Journals : 10 International Conferences : 12 Book Chapter : 03 Invited Speaker : 01 (4 th Global Summit on Future Materials Science and Research 2022) LinkedIn https://www.linkedin.com/in/dr-shivani-gupta-744b158a/ https://scholar.google.com/citations?user=TORegkIAAAAJ&hl=en Research Gate https://www.researchgate.net/profile/Shivani-Gupta-39",,"Advanced Manufacturing Technology, Additive manufacturing, Microwave materials processing, Biomaterial/Biocomposites, Material Characterizations, Modeling and Simulation, Biosensors, Thinfilm coating Research Publications International Journals : 10 International Conferences : 12 Book Chapter : 03 Invited Speaker : 01 (4 th Global Summit on Future Materials Science and Research 2022) LinkedIn https://www.linkedin.com/in/dr-shivani-gupta-744b158a/ https://scholar.google.com/citations?user=TORegkIAAAAJ&hl=en Research Gate https://www.researchgate.net/profile/Shivani-Gupta-39"
F069,Dr. Tanya Kumar,Assistant Professor,,,
F070,Dr. Sagar Kanekar,Assistant Professor,"Microbiology, Molecular Biology, Fermenation Technology, Environmental biotechnology",,"Microbiology, Molecular Biology, Fermenation Technology, Environmental biotechnology"
F071,Ms. Kamakshi Goyal,Assistant Professor,,,
F072,Dr. Prashant Joshi,Associate Professor,,,
F073,Dr. Shalaka Patil,Assistant Professor,"Chromosomal instability of cancer cells, DNA damage, and repair, Optogenetic tools for phase separation.",,"Chromosomal instability of cancer cells, DNA damage, and repair, Optogenetic tools for phase separation."
F074,Mrs. Anagha Sudhir Karne,Assistant Professor,"Soft Matter Physics, Quantum Chemistry, Quantum Computing, Computational Physics","resonant states, potential curves, resonant, eom ccsd, eom, moments polarizabilities, moments, polarizabilities hyperpolarizabilities, polarizabilities, systematic comparison, lett, phys lett, phys, hyperpolarizabilities chem, corrigendum systematic","Soft Matter Physics, Quantum Chemistry, Quantum Computing, Computational Physics resonant states, potential curves, resonant, eom ccsd, eom, moments polarizabilities, moments, polarizabilities hyperpolarizabilities, polarizabilities, systematic comparison, lett, phys lett, phys, hyperpolarizabilities chem, corrigendum systematic resonant states, potential curves, resonant, eom ccsd, eom, moments polarizabilities, moments, polarizabilities hyperpolarizabilities, polarizabilities, systematic comparison, lett, phys lett, phys, hyperpolarizabilities chem, corrigendum systematic"
F075,Dr. Dnyaneshwar Ramchandra Waghole,Associate Professor,"heat transfer equipments, nanofluidics/nanomaterial, EV (BTMS/Fuel cell),Healthcare ,energy ,Operations research",,"heat transfer equipments, nanofluidics/nanomaterial, EV (BTMS/Fuel cell),Healthcare ,energy ,Operations research"
F076,Dr. Jivan Pandharinath Biradar,Assistant Professor,"General area of research interest is in Development Economics. Specific area interest in Agriculture and Rural Development, Banking and Finance, Insurance Publications list (recent) 1. Determinants of Health Insurance in India: Evidence from 75th National Sample Survey, Artha Vijnana, (with Dipti Joshi), Vol. 66 (2), pp. 231-246, 2024 (UGC CARE List). 2. Factors Affecting Debit Card and Credit Card use in India: Insights from the 77th All India Debt and Investment Survey, BimaQuest - The Journal of Insurance, Pension and Management, Vol. 24 (1), pp. 21-41, 2024 (UGC CARE List). 5. Trends in Deployment of Bank Credit in India A Machine Learning Approach, Journal of Commerce & Management Thought, Vol. 13 (2-3), pp. 101-111, 2022 (ISSN: 0975-623X) (with Divya Kandpal & Ketki) (Peer Reviewed). 7. An analysis of flow of commercial banks’ credit to agriculture in India: The pre and post reform period, Journal of Commerce & Management Thought, Vol.9 (4), pp. 499-508, 2018 (ISSN: 0975-623X) (with Abale Mahesh) (Peer Reviewed). 8. An Impact of Government’s Agricultural Debt Waiver and Debt Relief (ADWDR) Scheme, Journal of Commerce & Management Thought, Vol.5 (4), pp. 635-643, 2014 (ISSN: 0975-623X) (with T. N. Salve) (Peer Reviewed). https://scholar.google.com/citations?hl=en&user=Ys4j4zQAAAAJ&view_op=list_works&sortby=pubdate",,"General area of research interest is in Development Economics. Specific area interest in Agriculture and Rural Development, Banking and Finance, Insurance Publications list (recent) 1. Determinants of Health Insurance in India: Evidence from 75th National Sample Survey, Artha Vijnana, (with Dipti Joshi), Vol. 66 (2), pp. 231-246, 2024 (UGC CARE List). 2. Factors Affecting Debit Card and Credit Card use in India: Insights from the 77th All India Debt and Investment Survey, BimaQuest - The Journal of Insurance, Pension and Management, Vol. 24 (1), pp. 21-41, 2024 (UGC CARE List). 5. Trends in Deployment of Bank Credit in India A Machine Learning Approach, Journal of Commerce & Management Thought, Vol. 13 (2-3), pp. 101-111, 2022 (ISSN: 0975-623X) (with Divya Kandpal & Ketki) (Peer Reviewed). 7. An analysis of flow of commercial banks’ credit to agriculture in India: The pre and post reform period, Journal of Commerce & Management Thought, Vol.9 (4), pp. 499-508, 2018 (ISSN: 0975-623X) (with Abale Mahesh) (Peer Reviewed). 8. An Impact of Government’s Agricultural Debt Waiver and Debt Relief (ADWDR) Scheme, Journal of Commerce & Management Thought, Vol.5 (4), pp. 635-643, 2014 (ISSN: 0975-623X) (with T. N. Salve) (Peer Reviewed). https://scholar.google.com/citations?hl=en&user=Ys4j4zQAAAAJ&view_op=list_works&sortby=pubdate"
F077,Mrs. Pallavi Utkarsh Nehete,,"Machine Learning,Computer Vision Publication List 1.Identification And Expenditure Tracking Using RFID Based Intelligent Card 2.Comparative Study on Various Storage Optimisation Techniques in Machine Learning based Cloud Computing System 3. Enhancing IoT security using lightweight key management with PRESENT for resource-constrained devices 4. A Comprehensive survey on Real Time human pose estimation https://scholar.google.com/citations?user=DLiSYPwAAAAJ&hl=en",,"Machine Learning,Computer Vision Publication List 1.Identification And Expenditure Tracking Using RFID Based Intelligent Card 2.Comparative Study on Various Storage Optimisation Techniques in Machine Learning based Cloud Computing System 3. Enhancing IoT security using lightweight key management with PRESENT for resource-constrained devices 4. A Comprehensive survey on Real Time human pose estimation https://scholar.google.com/citations?user=DLiSYPwAAAAJ&hl=en"
F078,Dr. Malhari Bhimrao Kulkarni,,"Green Technology, Polymer Materials and Structure Property Relationship, Rheology of polymeric systems, Microwave Assisted Reactions, Natural Waste based Product Development",,"Green Technology, Polymer Materials and Structure Property Relationship, Rheology of polymeric systems, Microwave Assisted Reactions, Natural Waste based Product Development"
F079,Dr. Soma Mishra,Assistant Professor,,,
F080,Dr. Nilesh Bajad,Assistant Professor,,,
F081,Dr. Rajeev Sengupta,,,,
F082,Dr. Aditi Shantanu Jahagirdar,Assistant Professor,,,
F083,Dr. Swati Changdeo Jagdale,Professor,"Targeted Drug delivery, Nanomedicine, Transdermal drug delivery, Formulation and development of dosage form, Solubility enhancement techniques","propranolol, propranolol hydrochloride, gastroretentive drug, gastroretentive, evaluation gastroretentive, rubia cordifolia, rubia, roots rubia, nootropic activity, cordifolia linn, preparation characterization, preparation, metformin hydrochloride, metformin, hydrochloride compritol, ofloxacin transdermal, gellified emulsion, gellified, emulsion ofloxacin, emulsion, racemosa, roots inula, isolated constituents, inula racemosa, inula, situ, nasal gel, nasal, optimization thermoreversible, maleate, piper, longum, piper longum, extracts piper, activity extracts, simultaneous hptlc, hptlc estimation, hptlc, estimation telmisartan, besylate tablet, lisinopril, pulsatile drug, pulsatile, press coated, press, levamisole, evaluation chewable, chewable tablet, chewable, tablet","Targeted Drug delivery, Nanomedicine, Transdermal drug delivery, Formulation and development of dosage form, Solubility enhancement techniques propranolol, propranolol hydrochloride, gastroretentive drug, gastroretentive, evaluation gastroretentive, rubia cordifolia, rubia, roots rubia, nootropic activity, cordifolia linn, preparation characterization, preparation, metformin hydrochloride, metformin, hydrochloride compritol, ofloxacin transdermal, gellified emulsion, gellified, emulsion ofloxacin, emulsion, racemosa, roots inula, isolated constituents, inula racemosa, inula, situ, nasal gel, nasal, optimization thermoreversible, maleate, piper, longum, piper longum, extracts piper, activity extracts, simultaneous hptlc, hptlc estimation, hptlc, estimation telmisartan, besylate tablet, lisinopril, pulsatile drug, pulsatile, press coated, press, levamisole, evaluation chewable, chewable tablet, chewable, tablet propranolol, propranolol hydrochloride, gastroretentive drug, gastroretentive, evaluation gastroretentive, rubia cordifolia, rubia, roots rubia, nootropic activity, cordifolia linn, preparation characterization, preparation, metformin hydrochloride, metformin, hydrochloride compritol, ofloxacin transdermal, gellified emulsion, gellified, emulsion ofloxacin, emulsion, racemosa, roots inula, isolated constituents, inula racemosa, inula, situ, nasal gel, nasal, optimization thermoreversible, maleate, piper, longum, piper longum, extracts piper, activity extracts, simultaneous hptlc, hptlc estimation, hptlc, estimation telmisartan, besylate tablet, lisinopril, pulsatile drug, pulsatile, press coated, press, levamisole, evaluation chewable, chewable tablet, chewable, tablet"
F084,Mr. Nikhil Kunnath,Assistant Professor,,,
F085,Ms. Amruta Anil Kulkarni,Assistant Professor,"Indology, Sanskrit, German language, IKS Linkedin Link https://www.linkedin.com/in/amruta-kulkarni-92a9b81aa?lipi=urn%3Ali%3Apage%3Ad_flagship3_profile_view_base_contact_details%3B9uO4xh4QS9ulXJ9KSObQPA%3D%3D",,"Indology, Sanskrit, German language, IKS Linkedin Link https://www.linkedin.com/in/amruta-kulkarni-92a9b81aa?lipi=urn%3Ali%3Apage%3Ad_flagship3_profile_view_base_contact_details%3B9uO4xh4QS9ulXJ9KSObQPA%3D%3D"
F086,Ms. Nuvita Kalra,Assistant Professor,,,
F087,Mrs. Rashmi Pethe,Assistant Professor,,,
F088,Mrs. Anita Mahesh Thengade,Assistant Professor,"Deep Learning, Medical Image Processing",,"Deep Learning, Medical Image Processing"
F089,Mrs. Sarika Sanjay Bobde,Assistant Professor,"Machine Learning, Software Engineering","literature survey, forecasting techniques, literature, market forecasting, forecasting, market prediction, prediction hybrid, hybrid, stock, market, recognition deep, quality recognition, quality, learning algorithm, fruit quality, use cases, tinyml applications, cases healthcare, cases, applications use, prediction videos, reaction prediction, reaction, recognition reaction, emotion recognition, restructuring object, oriented software, clustering techniques, object oriented, restructuring, image compression, fractal image, fractal, compression genetic, compression, languages fuzzy, models object, languages, oriented programming, programming languages, machines methods, machines, methods challenges, predicting failure, predicting, malaria, malaria cell, image classification, classification autoencoder, cell image","Machine Learning, Software Engineering literature survey, forecasting techniques, literature, market forecasting, forecasting, market prediction, prediction hybrid, hybrid, stock, market, recognition deep, quality recognition, quality, learning algorithm, fruit quality, use cases, tinyml applications, cases healthcare, cases, applications use, prediction videos, reaction prediction, reaction, recognition reaction, emotion recognition, restructuring object, oriented software, clustering techniques, object oriented, restructuring, image compression, fractal image, fractal, compression genetic, compression, languages fuzzy, models object, languages, oriented programming, programming languages, machines methods, machines, methods challenges, predicting failure, predicting, malaria, malaria cell, image classification, classification autoencoder, cell image literature survey, forecasting techniques, literature, market forecasting, forecasting, market prediction, prediction hybrid, hybrid, stock, market, recognition deep, quality recognition, quality, learning algorithm, fruit quality, use cases, tinyml applications, cases healthcare, cases, applications use, prediction videos, reaction prediction, reaction, recognition reaction, emotion recognition, restructuring object, oriented software, clustering techniques, object oriented, restructuring, image compression, fractal image, fractal, compression genetic, compression, languages fuzzy, models object, languages, oriented programming, programming languages, machines methods, machines, methods challenges, predicting failure, predicting, malaria, malaria cell, image classification, classification autoencoder, cell image"
F090,Dr. Raghunath Subhanrao Bhadade,,"RF, Microwave and Antennas, Wireless Communications, Software Defined and Cognitive Radio, Television Engineering",,"RF, Microwave and Antennas, Wireless Communications, Software Defined and Cognitive Radio, Television Engineering"
F091,Dr. Anamika Jain,Assistant Professor,"Biometrics, Image Processing, Machine Learning, Deep Learning",,"Biometrics, Image Processing, Machine Learning, Deep Learning"
F092,Mr. Dinesh Chandrakant Nikalje,,,,
F093,Dr. Supriya Paigude,Assistant Professor,,,
F094,Ms. Madhura Vishnu Phatak,Assistant Professor,"Distributed Systems, Data Sciences",,"Distributed Systems, Data Sciences"
F095,Dr. Sachin Balwantrao Deshmukh,Associate Professor,,,
F096,Dr. Shraddha Subhash Kokane,Assistant Professor,,,
F097,Dr. Kundlik Vitthal Mali,,,,
F098,Dr. Sugeeta Upadhyay,Professor,"Economics of Education,Development Economics, Macroeconomics",,"Economics of Education,Development Economics, Macroeconomics"
F099,Mr. Rahul Borah,Assistant Professor,,,
F100,Mr. Shrirang Chaudhary,Assistant Professor,,,
F101,Dr. Anand J Kulkarni,,"Nature Inspired AI based Methods, Self Organizing Systems, Optimization and Machine Learning","oil transportation, field conditioning, energy efficient, efficient crude, efficient, biodiesel, properties biodiesel, properties, low cost, prediction fuel, sara composition, sara, learning models, purely density, purely, pour point, pour, point, point depressants, point crude, oil viscosity, reducing crude, reducing, diluents, viscosity, novel, poly hydroxy, poly, novel hydrodynamic, hydroxy butyrate, making, making industrial, outcome oriented, outcome, industrial visits, prediction viscosity, conditioning crude, magnetic fluid, fluid conditioning, fluid, recovery, oil magnetic, recovery apparent, investigations recovery, investigations, production, nanoparticles isolated, noricense biosensitized, noricense, production bacteriorhodopsin","Nature Inspired AI based Methods, Self Organizing Systems, Optimization and Machine Learning oil transportation, field conditioning, energy efficient, efficient crude, efficient, biodiesel, properties biodiesel, properties, low cost, prediction fuel, sara composition, sara, learning models, purely density, purely, pour point, pour, point, point depressants, point crude, oil viscosity, reducing crude, reducing, diluents, viscosity, novel, poly hydroxy, poly, novel hydrodynamic, hydroxy butyrate, making, making industrial, outcome oriented, outcome, industrial visits, prediction viscosity, conditioning crude, magnetic fluid, fluid conditioning, fluid, recovery, oil magnetic, recovery apparent, investigations recovery, investigations, production, nanoparticles isolated, noricense biosensitized, noricense, production bacteriorhodopsin oil transportation, field conditioning, energy efficient, efficient crude, efficient, biodiesel, properties biodiesel, properties, low cost, prediction fuel, sara composition, sara, learning models, purely density, purely, pour point, pour, point, point depressants, point crude, oil viscosity, reducing crude, reducing, diluents, viscosity, novel, poly hydroxy, poly, novel hydrodynamic, hydroxy butyrate, making, making industrial, outcome oriented, outcome, industrial visits, prediction viscosity, conditioning crude, magnetic fluid, fluid conditioning, fluid, recovery, oil magnetic, recovery apparent, investigations recovery, investigations, production, nanoparticles isolated, noricense biosensitized, noricense, production bacteriorhodopsin"
F102,Dr. Yogesh Raghunath Kulkarni,Assistant Professor,Data mining & Data ware Housing.   https://scholar.google.com/citations?user=9GsTeoQAAAAJ&hl=en,,Data mining & Data ware Housing. https://scholar.google.com/citations?user=9GsTeoQAAAAJ&hl=en
F103,Dr. Ganesh Shivaji Ingle,Associate Professor,"Geotechnical Engineering, Pavement Engineering",,"Geotechnical Engineering, Pavement Engineering"
F104,Dr. Arti Girish Swami,Assistant Professor,"Impurity Profiling, IVIVC of pharmaceuticals, IVPT, stability studies, AQbD",,"Impurity Profiling, IVIVC of pharmaceuticals, IVPT, stability studies, AQbD"
F105,Mr. Snehal Sayajirao Wagh,,"Synthesis of nanomaterials ,Photocatalysis, Hydrogen evolution reactions",,"Synthesis of nanomaterials ,Photocatalysis, Hydrogen evolution reactions"
F106,Mr. Swapnil Sonawane,Assistant Professor,,,
F107,Dr. Sumant Nivarutti Shinde,Assistant Professor,"Structural Engineering , Ferrocement construction , Composite Structures , Precast constructure , Waste material based composite .Light weight concrete , Fiber Reinforced Concrete composite .",,"Structural Engineering , Ferrocement construction , Composite Structures , Precast constructure , Waste material based composite .Light weight concrete , Fiber Reinforced Concrete composite ."
F108,Mr. Mahesh Kulkarni,Assistant Professor,,,
F109,Ms. Ruchika Raj Saxena,Assistant Professor,,,
F110,Dr. Ashwin Bhanudas Kuchekar,,"Novel Drug Delivery Systems, Formulation and Development, Design of Experiments, Quality by Design, Six Sigma",,"Novel Drug Delivery Systems, Formulation and Development, Design of Experiments, Quality by Design, Six Sigma"
F111,Dr. T.N.Shankar,Professor,,,
F112,Mr. Swapnil Purushottamrao Goje,,,,
F113,Ms. Jagruti Divakar Patil,Assistant Professor,,,
F114,Dr. Ganesh Prabhakar Mantri,,,,
F115,Dr. Alka Surendra Barhatte,Assistant Professor,,,
F116,Dr. Vinod Sartape,,"Migration and Diaspora, Social Exclusion, Anthropology of Caste, Religion, Social Movements https://scholar.google.com/citations?user=5ynPuJsAAAAJ&hl=en",,"Migration and Diaspora, Social Exclusion, Anthropology of Caste, Religion, Social Movements https://scholar.google.com/citations?user=5ynPuJsAAAAJ&hl=en"
F117,Dr. Sangeetha D,Associate Professor,,,
F118,Dr. Sushrut Hemant Vinchurkar,Assistant Professor,,,
F119,Dr. Debabrata Saha,Assistant Professor,Solid state electronic devices,,Solid state electronic devices
F120,Dr. Riddhi Gaurav Panchal,Assistant Professor,,,
F121,Dr. Asish Saha,,Bank Efficiency; Risk Management in Banks; Housing Studies; SME Finance,,Bank Efficiency; Risk Management in Banks; Housing Studies; SME Finance
F122,Dr. Brijesh Kumar,,,,
F123,Mrs. Vijaya Vijaykumar Pangave,,Embedded Systems,,Embedded Systems
F124,Dr. Rushabh Trivedi,Assistant Professor,,,
F125,Dr. Neha Agashe,Assistant Professor,,,
F126,Dr. Ganesh Bhaurao Choudhari,Assistant Professor,"Analytical method development and validation Impurity profiling and degradation study Extraction, Isolation and characterisation of isolated phytoconstituents Formulation, standardisation and biological evaluation of herbal preparations Antidiabetic and anticancer activity of developed formulation""",,"Analytical method development and validation Impurity profiling and degradation study Extraction, Isolation and characterisation of isolated phytoconstituents Formulation, standardisation and biological evaluation of herbal preparations Antidiabetic and anticancer activity of developed formulation"""
F127,Mrs. Rashmi Ashwinikumar Rane,Assistant Professor,"Machine learning, Deep Learning, Social Data Mining",,"Machine learning, Deep Learning, Social Data Mining"
F128,Dr. Vinita Kale,Associate Professor,,,
F129,Mrs. Anita Shivaji Gunjal,Assistant Professor,"Machine Learning, Data Analytics, Deep Learning",,"Machine Learning, Data Analytics, Deep Learning"
F130,Dr. Apurva Abhijit Naik,,"Embedded Systems, Biomedical Engineering Embedded Systems, IoT https://scholar.google.co.in/citations?user=86gTUygAAAAJ&hl=en Research Grants SPPU BCUD Grant of 2 lacs",,"Embedded Systems, Biomedical Engineering Embedded Systems, IoT https://scholar.google.co.in/citations?user=86gTUygAAAAJ&hl=en Research Grants SPPU BCUD Grant of 2 lacs"
F131,Dr. Sasmita Behera,Assistant Professor,"Development economics and Healthcare Economics 1. Behera, S., & Pradhan, J. (2024). Distress financing associated with out-of-pocket expenditure for non-communicable diseases in India. International Journal of Healthcare Management, 1-13. 2. Behera, S., & Pradhan, J. (2023). Economic burden of cancer treatment in India: an equity perspective. Journal of Social and Economic Development, 25(2), 334-349. 3. Pradhan, J., Patra, K. T., & Behera, S. (2023). Persistent economic inequalities in menstrual hygiene practices in India: a decomposition analysis. International Journal of Human Rights in Healthcare, 16(2), 196-206. 4. Behera, S., & Pradhan, J. (2022). A combination of moderate and vigorous physical activities reduces the burden of multimorbidity: findings from Longitudinal Ageing Study in India. Journal of Health, Population and Nutrition, 41(1), 42. 5. Behera, S., & Pradhan, J. (2021). Uneven economic burden of non-communicable diseases among Indian households: A comparative analysis. Plos one, 16(12), e0260628. 6.Pradhan, J., & Behera, S. (2021). Does choice of health care facility matter? Assessing out-of-pocket expenditure and catastrophic spending on emergency obstetric care in India. Journal of Biosocial Science, 53(4), 481-496. Linkedin Link https://www.linkedin.com/in/dr-sasmita-behera-273a7a186/ https://scholar.google.com/citations?user=yIb_sksAAAAJ&hl=en Other https://www.researchgate.net/profile/Sasmita-Behera-5",,"Development economics and Healthcare Economics 1. Behera, S., & Pradhan, J. (2024). Distress financing associated with out-of-pocket expenditure for non-communicable diseases in India. International Journal of Healthcare Management, 1-13. 2. Behera, S., & Pradhan, J. (2023). Economic burden of cancer treatment in India: an equity perspective. Journal of Social and Economic Development, 25(2), 334-349. 3. Pradhan, J., Patra, K. T., & Behera, S. (2023). Persistent economic inequalities in menstrual hygiene practices in India: a decomposition analysis. International Journal of Human Rights in Healthcare, 16(2), 196-206. 4. Behera, S., & Pradhan, J. (2022). A combination of moderate and vigorous physical activities reduces the burden of multimorbidity: findings from Longitudinal Ageing Study in India. Journal of Health, Population and Nutrition, 41(1), 42. 5. Behera, S., & Pradhan, J. (2021). Uneven economic burden of non-communicable diseases among Indian households: A comparative analysis. Plos one, 16(12), e0260628. 6.Pradhan, J., & Behera, S. (2021). Does choice of health care facility matter? Assessing out-of-pocket expenditure and catastrophic spending on emergency obstetric care in India. Journal of Biosocial Science, 53(4), 481-496. Linkedin Link https://www.linkedin.com/in/dr-sasmita-behera-273a7a186/ https://scholar.google.com/citations?user=yIb_sksAAAAJ&hl=en Other https://www.researchgate.net/profile/Sasmita-Behera-5"
F132,Dr. Vikas Keshav Jadhav,Assistant Professor,"Political Sociology, Social Exclusion/Marginalization and Politics of Recognition, Inclusion and Justice; Development Sociology, Critical Phenomenology; Critical Caste Studies; and Sociology of Caste, Tribe and Inter-subjectivity with special reference to Dalit, Adivasis and De-notified and Nomadic Tribes of India.",,"Political Sociology, Social Exclusion/Marginalization and Politics of Recognition, Inclusion and Justice; Development Sociology, Critical Phenomenology; Critical Caste Studies; and Sociology of Caste, Tribe and Inter-subjectivity with special reference to Dalit, Adivasis and De-notified and Nomadic Tribes of India."
F133,Dr. Akanksha Tandon,Assistant Professor,,,
F134,Ms. Anamika Singh,Assistant Professor,,,
F135,Ms. Madhuri Prakash Joshi,Assistant Professor,,,
F136,Dr. V Lenin Kumar,,Political Science and Area Studies,,Political Science and Area Studies
F137,Dr. Milan Yadav,Assistant Professor,,,
F138,Mrs. Vaishali Manish Joshi,Assistant Professor,"Lattice theory , Graph theory, Algebra. Awards & Achievements 1.Best Paper Award in National Level Student’s Research conference –13 March 2021 organized by School of Computer Science, MITWPU. 2.Convenor for International Symposium on Vedik Mathematics at MITWPU in April 2022. 3. Vaishali Joshi and Rupal Shroff, Energy and wiener index of incomparability graphs of special lattices, Advances and Applications in Mathematical Sciences, 22( 2), 2022, 659-666. 4. Appointed as Board of Studies nominee member for Department of Mathematics and statistics, Symbiosis College, Pune for 2018-20. Website Link : https://vaishalijoshi.wixsite.com/vaishali-joshi Linkedin :: https://www.linkedin.com/in/vaishali-joshi-901b2561 https://www.researchgate.net/profile/Vaishali-Joshi-12",,"Lattice theory , Graph theory, Algebra. Awards & Achievements 1.Best Paper Award in National Level Student’s Research conference –13 March 2021 organized by School of Computer Science, MITWPU. 2.Convenor for International Symposium on Vedik Mathematics at MITWPU in April 2022. 3. Vaishali Joshi and Rupal Shroff, Energy and wiener index of incomparability graphs of special lattices, Advances and Applications in Mathematical Sciences, 22( 2), 2022, 659-666. 4. Appointed as Board of Studies nominee member for Department of Mathematics and statistics, Symbiosis College, Pune for 2018-20. Website Link : https://vaishalijoshi.wixsite.com/vaishali-joshi Linkedin :: https://www.linkedin.com/in/vaishali-joshi-901b2561 https://www.researchgate.net/profile/Vaishali-Joshi-12"
F139,Dr. Basant Tiwari,Assistant Professor,,,
F140,Ms. Prajakta Balchandra Khanwalkar,Assistant Professor,,,
F141,Dr. Ameya Anil Patil,Assistant Professor,,,
F142,Dr. Ganesh Suresh Jadhav,,,,
F143,Dr. Rajib Kumar Sinharay,Professor,"His research area of interests includes Petroleum Exploration, Reservoir Engineering, Production Engineering, Geothermal Energy, Glaciology, Shallow Subsurface Imaging, Marine Electromagnetic methods, Machine Learning, Exploration Geophysics, Hydrogen Storage and Carrier, Carbon Sequestration etc. Top Research Papers in last 3 years Parida, B. P., Sinharay, R., Upadhyay, R. and Dixit, M., 2025, Pseudoisotherm: A Revised Concept of Desorption Phenomena of Coalbed Gas Reservoirs Integrating Isotherm, Material Balance, and Pressure for Optimized Field Development: SPG Journal, 30 (01): 310–325, https://doi.org/10.2118/219177-PA Chavan, H. K., and Sinharay, Rajib K., 2024, Prophet modeling for oil production forecasting in an enhanced oil recovery field: Physics of Fluids, Volume 36, 9, 093107 (2024), https://doi.org/10.1063/5.0224299 Taide, V. Y., Sinharay, Rajib K., Chavan, H. K., and Dandge, D. B., 2024, Selection of suitable geothermometers for predicting the subsurface temperatures with higher accuracy: A study based on globally distributed geothermal field data: Geothermics, Volume 122, 103088, ISSN 0375-6505, https://doi.org/10.1016/j.geothermics.2024.103088 Chavan, H.K., Sinharay, Rajib K., Kumar, V. and Patel, D., 2023, An approach of using machine learning classification for screening of enhanced oil recovery techniques: Petroleum Science and Technology, p.1- 19, https://doi.org/10.1080/10916466.2023.2232822 Sinharay, Rajib K., 2022, Ground Penetrating Radar (GPR) survey over a melting blue ice area (BIA) at the south of Schirmacher Oasis, Dronning Maud Land, East Antarctica: Polar Science, Volume 32,100845, ISSN 1873-9652, https://doi.org/10.1016/j.polar.2022.100845 Bagchi, A., Singh, R.K., Shalivahan, and Sinharay, Rajib K., 2022, 3D Phase tensor inversion and Joint inversion using impedance and phase tensor components aiming better subsurface mapping and interpretation in Dhanjori basin, Singhbhum craton, eastern India: Journal of Applied Geophysics, Volume 202, 104646, ISSN 0926-9851, https://doi.org/10.1016/j.jappgeo.2022.104646 Books Published Sinharay, Rajib K., 2022, GPR surveys in Antarctica to map ice thickness and rock topography in N. Khare (Eds.), Geoscientific Investigations From the Indian Antarctic Program (pp. 121-137). IGI Global. https://doi.org/10.4018/978-1-6684-4078-0.ch006. Patents : NIL Teaching Experience : 6 years 6 Months Industry Experience : 18 Years Research Experience : 25 Years Linkedin Profile Link : www.linkedin.com/in/prof-rajib-kumar-sinharay-6142b921 https://g.co/kgs/NpJjZNt",,"His research area of interests includes Petroleum Exploration, Reservoir Engineering, Production Engineering, Geothermal Energy, Glaciology, Shallow Subsurface Imaging, Marine Electromagnetic methods, Machine Learning, Exploration Geophysics, Hydrogen Storage and Carrier, Carbon Sequestration etc. Top Research Papers in last 3 years Parida, B. P., Sinharay, R., Upadhyay, R. and Dixit, M., 2025, Pseudoisotherm: A Revised Concept of Desorption Phenomena of Coalbed Gas Reservoirs Integrating Isotherm, Material Balance, and Pressure for Optimized Field Development: SPG Journal, 30 (01): 310–325, https://doi.org/10.2118/219177-PA Chavan, H. K., and Sinharay, Rajib K., 2024, Prophet modeling for oil production forecasting in an enhanced oil recovery field: Physics of Fluids, Volume 36, 9, 093107 (2024), https://doi.org/10.1063/5.0224299 Taide, V. Y., Sinharay, Rajib K., Chavan, H. K., and Dandge, D. B., 2024, Selection of suitable geothermometers for predicting the subsurface temperatures with higher accuracy: A study based on globally distributed geothermal field data: Geothermics, Volume 122, 103088, ISSN 0375-6505, https://doi.org/10.1016/j.geothermics.2024.103088 Chavan, H.K., Sinharay, Rajib K., Kumar, V. and Patel, D., 2023, An approach of using machine learning classification for screening of enhanced oil recovery techniques: Petroleum Science and Technology, p.1- 19, https://doi.org/10.1080/10916466.2023.2232822 Sinharay, Rajib K., 2022, Ground Penetrating Radar (GPR) survey over a melting blue ice area (BIA) at the south of Schirmacher Oasis, Dronning Maud Land, East Antarctica: Polar Science, Volume 32,100845, ISSN 1873-9652, https://doi.org/10.1016/j.polar.2022.100845 Bagchi, A., Singh, R.K., Shalivahan, and Sinharay, Rajib K., 2022, 3D Phase tensor inversion and Joint inversion using impedance and phase tensor components aiming better subsurface mapping and interpretation in Dhanjori basin, Singhbhum craton, eastern India: Journal of Applied Geophysics, Volume 202, 104646, ISSN 0926-9851, https://doi.org/10.1016/j.jappgeo.2022.104646 Books Published Sinharay, Rajib K., 2022, GPR surveys in Antarctica to map ice thickness and rock topography in N. Khare (Eds.), Geoscientific Investigations From the Indian Antarctic Program (pp. 121-137). IGI Global. https://doi.org/10.4018/978-1-6684-4078-0.ch006. Patents : NIL Teaching Experience : 6 years 6 Months Industry Experience : 18 Years Research Experience : 25 Years Linkedin Profile Link : www.linkedin.com/in/prof-rajib-kumar-sinharay-6142b921 https://g.co/kgs/NpJjZNt"
F144,Mrs. Apurva Sharma,Assistant Professor,,,
F145,Dr. Rajkumar Damodar Komati,Assistant Professor,Image and Video processing,,Image and Video processing
F146,Dr. Vijayapandi Pandy,Associate Professor,"Neuropsychopharmacology, Substance abuse, Neuropsychiatric diseases, Animal Models and alternative to animal models","preclinical, pharmacology toxicology, pharmacology, preclinical evidence, evidence, phytochemical antioxidant, methanolic, ladies, abelmoschus esculentus, ladies finger, like activity, linn mice, activity noni, noni morinda, noni, linn fruit, scopoletin rutin, scopoletin, principles scopoletin, rutin rat, phytomedicines herbal, phytomedicines, herbal edibles, edibles treatment, edibles, rodent, nicotine withdrawal, withdrawal, nicotine, models nicotine, mangiferin, memory impairment, protective effect, protective, memory, signature methamphetamine, signature, methamphetamine, methamphetamine use, nucleus accumbens, nausea, mediators development, mediators, role mediators, nausea vomiting, mitragyna speciosa, mitragyna, leaf extract, speciosa leaf, psychosis mice","Neuropsychopharmacology, Substance abuse, Neuropsychiatric diseases, Animal Models and alternative to animal models preclinical, pharmacology toxicology, pharmacology, preclinical evidence, evidence, phytochemical antioxidant, methanolic, ladies, abelmoschus esculentus, ladies finger, like activity, linn mice, activity noni, noni morinda, noni, linn fruit, scopoletin rutin, scopoletin, principles scopoletin, rutin rat, phytomedicines herbal, phytomedicines, herbal edibles, edibles treatment, edibles, rodent, nicotine withdrawal, withdrawal, nicotine, models nicotine, mangiferin, memory impairment, protective effect, protective, memory, signature methamphetamine, signature, methamphetamine, methamphetamine use, nucleus accumbens, nausea, mediators development, mediators, role mediators, nausea vomiting, mitragyna speciosa, mitragyna, leaf extract, speciosa leaf, psychosis mice preclinical, pharmacology toxicology, pharmacology, preclinical evidence, evidence, phytochemical antioxidant, methanolic, ladies, abelmoschus esculentus, ladies finger, like activity, linn mice, activity noni, noni morinda, noni, linn fruit, scopoletin rutin, scopoletin, principles scopoletin, rutin rat, phytomedicines herbal, phytomedicines, herbal edibles, edibles treatment, edibles, rodent, nicotine withdrawal, withdrawal, nicotine, models nicotine, mangiferin, memory impairment, protective effect, protective, memory, signature methamphetamine, signature, methamphetamine, methamphetamine use, nucleus accumbens, nausea, mediators development, mediators, role mediators, nausea vomiting, mitragyna speciosa, mitragyna, leaf extract, speciosa leaf, psychosis mice"
F147,Mrs. Priyamwada Sachindra Mahajani,Assistant Professor,Signal Processing,,Signal Processing
F148,Dr. Rajashri Amit Kadam,Associate Professor,,,
F149,Dr. Aparna Sameer Dixit,Associate Professor,,,
F150,Dr. Anuttama Ghose,Assistant Professor,,,
F151,Dr. Rehan Deshmukh,Assistant Professor,Electrochemical and optical biosensor development for amplification-free detection of bacteria and viruses; Novel approaches for surface functionalization of sensing electrodes; Nanomaterials synthesis; Real-time PCR-based sensing of pathogens; Enzyme technology; Neutraceuticals,,Electrochemical and optical biosensor development for amplification-free detection of bacteria and viruses; Novel approaches for surface functionalization of sensing electrodes; Nanomaterials synthesis; Real-time PCR-based sensing of pathogens; Enzyme technology; Neutraceuticals
F152,Dr. Vivek Patel,Assistant Professor,"Crashworthiness, Impact analysis, Design, Non-linear analysis, FEA",,"Crashworthiness, Impact analysis, Design, Non-linear analysis, FEA"
F153,Dr. Sachin Arun Kulkarni,Associate Professor,"Synthesis, characterization and other allied properties of iron oxide nanoparticles. 1.“Effect of synthesis route on the structural, optical and magnetic properties of Fe3O4 nanoparticles”, Ceramics International. 40 (2014) 1945–1949. 2.“Synthesis and Characterization of Superparamagnetic Fe3O4@SiO2 Nanoparticles”, Journal of the Korean Chemical Society. 58 (2014) 1. 3. Low Intensity Pyroelectric Solitons. Frontiers in Optics + Laser Science (FiO/LS), Rochester, New York United States, 17–20 October 2022, ISBN: 978-1-957171-17-32022. 4. Synthesis and magnetic properties of poly (3, 4-ethylenedioxythiophene)(PEDOT)/Fe3O4 composites. IJITR 3, 1925-1929. 5. Antibacterial Performance and Characterization of Superparamagnetic Fe3O4@TiO2 Nanoparticles, International E conference on Physics of Materials and Nanotechnology, IOP Conf. Series: Materials Science and Engineering 1221 (2022) 012049. 6.Temperature effects on soliton pairs in novel photorefractive crystals having both the linear and quadratic electro-optic effects. J. Phys.: Conf. Ser. IOP, 2426 012027, 2426 (2023) 012027,",,"Synthesis, characterization and other allied properties of iron oxide nanoparticles. 1.“Effect of synthesis route on the structural, optical and magnetic properties of Fe3O4 nanoparticles”, Ceramics International. 40 (2014) 1945–1949. 2.“Synthesis and Characterization of Superparamagnetic Fe3O4@SiO2 Nanoparticles”, Journal of the Korean Chemical Society. 58 (2014) 1. 3. Low Intensity Pyroelectric Solitons. Frontiers in Optics + Laser Science (FiO/LS), Rochester, New York United States, 17–20 October 2022, ISBN: 978-1-957171-17-32022. 4. Synthesis and magnetic properties of poly (3, 4-ethylenedioxythiophene)(PEDOT)/Fe3O4 composites. IJITR 3, 1925-1929. 5. Antibacterial Performance and Characterization of Superparamagnetic Fe3O4@TiO2 Nanoparticles, International E conference on Physics of Materials and Nanotechnology, IOP Conf. Series: Materials Science and Engineering 1221 (2022) 012049. 6.Temperature effects on soliton pairs in novel photorefractive crystals having both the linear and quadratic electro-optic effects. J. Phys.: Conf. Ser. IOP, 2426 012027, 2426 (2023) 012027,"
F154,Dr. Asim Samanta,Assistant Professor,"Novel Drug Delivery System, Analytical Method Development and Validation, Process Analytical Technology (PAT), and Predictive Chemometric Modelling",,"Novel Drug Delivery System, Analytical Method Development and Validation, Process Analytical Technology (PAT), and Predictive Chemometric Modelling"
F155,Mrs. Aparna Virendra Shete,Assistant Professor,"Water Resources Engineering, Town planning",,"Water Resources Engineering, Town planning"
F156,Dr. Vikrant Devidas Gaikwad,Associate Professor,,,
F157,Dr. Anu Nair,,,,
F158,Dr. Dinesh Shivratan Bhutada,,"Environmental Engineering, Advanced Separation processes, Material science, Energy",,"Environmental Engineering, Advanced Separation processes, Material science, Energy"
F159,Dr. Devendra Joshi,Assistant Professor,,,
F160,Dr. Anagha Yogesh Deshpande,Assistant Professor,"Video Processing, Artificial Intelligence",,"Video Processing, Artificial Intelligence"
F161,Dr. Narendra Laxman Mathakari,,,,
F162,Dr. Omkar Kamalakant Kulkarni,Assistant Professor,"Cohort intelligence, Optimization, Nature inspired algorithms, Scocio inspired algorithms",,"Cohort intelligence, Optimization, Nature inspired algorithms, Scocio inspired algorithms"
F163,Dr. Amit Sadanand Savyanavar,Associate Professor,"Operating Systems, Computer Vision, Mobile Computing and Distributed Systems.",,"Operating Systems, Computer Vision, Mobile Computing and Distributed Systems."
F164,Dr. Abhishek Dutta,Assistant Professor,,,
F165,Dr. Jehath Syed,Assistant Professor,"Geriatric Pharmacotherapy, Pharmacoepidemiology, Digital Health Technologies, Medication Safety https://scholar.google.com/citations?hl=en&user=ewXQ4ncAAAAJ Web of Science link https://www.webofscience.com/wos/author/record/ADZ-4850-2022",,"Geriatric Pharmacotherapy, Pharmacoepidemiology, Digital Health Technologies, Medication Safety https://scholar.google.com/citations?hl=en&user=ewXQ4ncAAAAJ Web of Science link https://www.webofscience.com/wos/author/record/ADZ-4850-2022"
F166,Mr. Swapnil Virendra Chalwadi,Assistant Professor,"behavioral economics, monetary economics, gender, and development.",,"behavioral economics, monetary economics, gender, and development."
F167,Manjiri Dhawade,,"Public Policy, Governance, Environment and Sustainability",,"Public Policy, Governance, Environment and Sustainability"
F168,Dr. Sandip Tukaram Chavan,Professor,"Tribology, Design Engineering, Manufacturing Design",,"Tribology, Design Engineering, Manufacturing Design"
F169,Mr. Rohit Borachate,Assistant Professor,,,
F170,Dr. Shivprakash Bhagwatrao Barve,,"Material Characterization, Advanced Manufacturing Processes Grants 1. Research proposal entitled “Development and Delivery of Aero elasticity Software of Spinning Projectiles” sanctioned by ARMAMENT RESEARCH BOARD, New Delhi through Armament Research & Development Establishment(ARDE) Pune. (Research Grant sanctioned: Rs. 24.90 Lakhs). (Sanction Letter No. AMREB/ ADMB / 2014/ 160 Dated 04th July 2014.) 2. Received grant Rs. 40,000 from Institution of Engineering and Technology (IET) to organize One Week Faculty Development Program (FDP). 3. Received research grant of Rs. 2 lakh for research project, ‘Modular UGV for Surveillance and Logistic Applications', under the scheme of Innovation Project, MITWPU. 4. Received research grant of Rs. 1.538 Lakh for research project, ‘Fabrication and Characterization of Magnesium based Nano-composites for Bio-Medical applications’, MITWPU 5. Received research grant of Rs. 25,000 for research project, ‘Modular UGV for Surveillance and Logistic Applications.",,"Material Characterization, Advanced Manufacturing Processes Grants 1. Research proposal entitled “Development and Delivery of Aero elasticity Software of Spinning Projectiles” sanctioned by ARMAMENT RESEARCH BOARD, New Delhi through Armament Research & Development Establishment(ARDE) Pune. (Research Grant sanctioned: Rs. 24.90 Lakhs). (Sanction Letter No. AMREB/ ADMB / 2014/ 160 Dated 04th July 2014.) 2. Received grant Rs. 40,000 from Institution of Engineering and Technology (IET) to organize One Week Faculty Development Program (FDP). 3. Received research grant of Rs. 2 lakh for research project, ‘Modular UGV for Surveillance and Logistic Applications', under the scheme of Innovation Project, MITWPU. 4. Received research grant of Rs. 1.538 Lakh for research project, ‘Fabrication and Characterization of Magnesium based Nano-composites for Bio-Medical applications’, MITWPU 5. Received research grant of Rs. 25,000 for research project, ‘Modular UGV for Surveillance and Logistic Applications."
F171,Ms. Pallavi Rajwade,,,,
F172,CA Dhaarna Rathore,Assistant Professor,"Accounting, E Commerce, E Business, ERP, Finance, Management Accounting, IOT.",,"Accounting, E Commerce, E Business, ERP, Finance, Management Accounting, IOT."
F173,Dr. Abhijeet Subhash Sutar,,"Chemometrics,PAT and NIR Spectroscopy,Development and validation of Analytical methods using HPLC",,"Chemometrics,PAT and NIR Spectroscopy,Development and validation of Analytical methods using HPLC"
F174,Mr. Amit Liladhar Nehete,Assistant Professor,,,
F175,Mr. Chaitanya Girish Burande,Assistant Professor,Bio-Mechanical Engineering Applications.,,Bio-Mechanical Engineering Applications.
F176,Dr. Ashwini Ramkrishana Gawade,Assistant Professor,"Novel Drug Delivery System, Generic product development, Cocrystal technology, Quality by Design",,"Novel Drug Delivery System, Generic product development, Cocrystal technology, Quality by Design"
F177,Dr. Prashant Pralhad Malavadkar,,,,
F178,Dr. Sandeep Banerjee,Assistant Professor,,,
F179,Dr. Meghana Ganesh Gote,Assistant Professor,"Catalysis, water remediation, asymmetric synthesis",,"Catalysis, water remediation, asymmetric synthesis"
F180,Dr. Anjali Meshram,Assistant Professor,"Material engineering, Sustainable technologies, Process intensification, Catalysis and Wastewater treatment. Journal Publications 1. Anjali Meshram, SM Sontakke, 2021. Synthesis of highly stable nanoscale MIL-53 MOF and its application for the treatment of complex mixed dye solutions and real-time dye industry effluent. Separation and Purification Technology 274, 11907. 2. Anjali Meshram, SM Sontakke, 2021. Synthesis, characterization and stability of Ni-Ce-Zr trimetallic metal organic framework. Materials Today: Proceedings 46, 6201-6206. 3. Anjali Meshram, SM Sontakke, 2022. Rapid reduction of real-time industry effluent using novel CuO/MIL composite. Chemosphere 286, 131939. 4. Anjali Meshram, SM Sontakke, 2021. Rapid degradation of metamitron and highly complex mixture of pollutants using MIL-53 (Al) integrated combustion synthesized TiO2. Advanced Powder Technology 32 (8), 3125-3135. 5. SD Parashar, Anjali Meshram, SM Sontakke, 2021. Electro-photocatalytic degradation processes for dye/colored wastewater treatment. Handbook of Nanomaterials for Wastewater Treatment, 833-846. 6. VS Prabhudesai, Anjali Meshram, R Vinu, SM Sontakke, 2021. Superior photocatalytic removal of metamitron and its mixture with Rhodamine B dye using combustion synthesized TiO2 nanomaterial. Chemical Engineering Journal Advances 5, 100084. 7. Anjali Meshram, Moses A, Baral SS, Sontakke SM. 2022. Hydrogen production from water splitting of real time industry effluent using MIL-53@TiO 2 composite. Advanced Powder Technology 33 (3), 103488. 8. Anjali Meshram, SM Sontakke, 2022. Catalytic reduction of organic pollutants using novel Ni-Ce-Zr trimetallic metal organic framework. Materials Today: Proceedings. 9. Ashwin Gaikwad, Anjali Meshram, 2020, Effect of particle size and mixing on the laccase-mediated pretreatment of lignocellulosic biomass for enhanced saccharification of cellulose, Chemical Engineering Communications 207 (12), 1696- 1706 Conferences 1. Anjali Meshram, Sharad M. Sontakke, Starlaine Mascarenhas, Anasuya Ganguly, Precipitation of Silica from drinking water in CKDu affected areas of Canacona district, Goa, India: A simple, quick and economic method, IWA Water and Development Congress & Exhibition, Colombo, Srilanka. December 1-5, 2019. 2. Anjali A. Meshram, Sharad M. Sontakke, Effect of solvent on hydrothermal synthesis of MIL-53 (Al/Fe) and its application for dye adsorption, New Frontiers in Chemistry- From Fundamentals to Applications, Goa, India. December 20-22, 2019. 3. Anjali Meshram, Sharad Sontakke, Synthesis, characterization and water stability test for Ni-Ce-Zr trimetallic metal organic framework, International conference on Material Science, Tripura, India. March 4-6, 2020. 4. Anjali Meshram and Sharad Sontakke, Microwave synthesis of MOF composite for catalytic reduction, International conference on Nanoscience and Nanomaterials, Feb, 1- 3, 2021. 5. Anjali Meshram and Sharad Sontakke, MOF derived visible light photocatalyst for simultaneous degradation and hydrogen production from wastewater, 5th International Conference on Applied Surface Science, Palma, Mallorca, Spain, April 25-28, 2022. https://scholar.google.com/citations?user=HLcDMy4AAAAJ&hl=en Education : PhD in Chemcial Engineering from BITS Pillani K K Birla Goa campus",,"Material engineering, Sustainable technologies, Process intensification, Catalysis and Wastewater treatment. Journal Publications 1. Anjali Meshram, SM Sontakke, 2021. Synthesis of highly stable nanoscale MIL-53 MOF and its application for the treatment of complex mixed dye solutions and real-time dye industry effluent. Separation and Purification Technology 274, 11907. 2. Anjali Meshram, SM Sontakke, 2021. Synthesis, characterization and stability of Ni-Ce-Zr trimetallic metal organic framework. Materials Today: Proceedings 46, 6201-6206. 3. Anjali Meshram, SM Sontakke, 2022. Rapid reduction of real-time industry effluent using novel CuO/MIL composite. Chemosphere 286, 131939. 4. Anjali Meshram, SM Sontakke, 2021. Rapid degradation of metamitron and highly complex mixture of pollutants using MIL-53 (Al) integrated combustion synthesized TiO2. Advanced Powder Technology 32 (8), 3125-3135. 5. SD Parashar, Anjali Meshram, SM Sontakke, 2021. Electro-photocatalytic degradation processes for dye/colored wastewater treatment. Handbook of Nanomaterials for Wastewater Treatment, 833-846. 6. VS Prabhudesai, Anjali Meshram, R Vinu, SM Sontakke, 2021. Superior photocatalytic removal of metamitron and its mixture with Rhodamine B dye using combustion synthesized TiO2 nanomaterial. Chemical Engineering Journal Advances 5, 100084. 7. Anjali Meshram, Moses A, Baral SS, Sontakke SM. 2022. Hydrogen production from water splitting of real time industry effluent using MIL-53@TiO 2 composite. Advanced Powder Technology 33 (3), 103488. 8. Anjali Meshram, SM Sontakke, 2022. Catalytic reduction of organic pollutants using novel Ni-Ce-Zr trimetallic metal organic framework. Materials Today: Proceedings. 9. Ashwin Gaikwad, Anjali Meshram, 2020, Effect of particle size and mixing on the laccase-mediated pretreatment of lignocellulosic biomass for enhanced saccharification of cellulose, Chemical Engineering Communications 207 (12), 1696- 1706 Conferences 1. Anjali Meshram, Sharad M. Sontakke, Starlaine Mascarenhas, Anasuya Ganguly, Precipitation of Silica from drinking water in CKDu affected areas of Canacona district, Goa, India: A simple, quick and economic method, IWA Water and Development Congress & Exhibition, Colombo, Srilanka. December 1-5, 2019. 2. Anjali A. Meshram, Sharad M. Sontakke, Effect of solvent on hydrothermal synthesis of MIL-53 (Al/Fe) and its application for dye adsorption, New Frontiers in Chemistry- From Fundamentals to Applications, Goa, India. December 20-22, 2019. 3. Anjali Meshram, Sharad Sontakke, Synthesis, characterization and water stability test for Ni-Ce-Zr trimetallic metal organic framework, International conference on Material Science, Tripura, India. March 4-6, 2020. 4. Anjali Meshram and Sharad Sontakke, Microwave synthesis of MOF composite for catalytic reduction, International conference on Nanoscience and Nanomaterials, Feb, 1- 3, 2021. 5. Anjali Meshram and Sharad Sontakke, MOF derived visible light photocatalyst for simultaneous degradation and hydrogen production from wastewater, 5th International Conference on Applied Surface Science, Palma, Mallorca, Spain, April 25-28, 2022. https://scholar.google.com/citations?user=HLcDMy4AAAAJ&hl=en Education : PhD in Chemcial Engineering from BITS Pillani K K Birla Goa campus"
F181,Mrs. Himangi Tanmay Neve,Assistant Professor,"Polymers, Biomaterials, Biodegradation, Waste management and valorisation, Life Cycle Assessment Research Papers: 1. Potdar PP, Kaur P, Radhakrishnan S, Singh M, Neve HT, Singh S. Valorization of paddy straw through development of PLA-paddy straw fibre reinforced composites and their physical, morphological, mechanical and thermal characterization. Biomass Conversion and Biorefinery. 2023 Aug 18:1-0. 2. Neve H, Kadam D, Sadadekar C, Wadgaonkar V, Bhatkar S, Wadekar P. Carbon Capturing Materials: A Review of Their Recent Modification Approaches and Implementation for Industrial. Sorption-New Perspectives and Applications: New Perspectives and Applications.2025 Jan 29:151. 3. Baby S, Bahzad J, Neve H, Deshmukh G. Plastic Waste, Microplastic Pollutions, Impacts, and Management. InInnovative Technologies for Waste Management: Strategies, Challenges and Future Directions 2025 Oct 15 (pp. 359-399). Cham: Springer Nature Switzerland. 4. Neve H, Thorat S, Radhakrishnan S. Melt processing behaviour and structure development in recycled PP blends with recycled PET. Progress in Rubber, Plastics and Recycling Technology. 2023 May;39(2):141-55. 5. Radhakrishnan S, Neve H, Nirmal A, Waghela D, Sangwai J, Chavan H. Improvement of properties in recycled glass‐filled polypropylene using novel blend technology. Polymer Engineering & Science. 2025 May 9. 6. Ghatage S, Wadgaonkar V, Neve H, Tatpate P, Bhutada D. A Review of Produced Water Characteristics, Methods and its Reuse. Indian Journal of Environmental Protection. 2024. 44:3. 7. Khurpade P, Neve H, Tatpate P. Completion Strategy: A Case Study of Using Autonomous Inflow. Exploring the World of Drilling. 2024 Aug 21:49. https://scholar.google.com/citations?user=mcP9Tm4AAAAJ&hl=en&oi=ao",,"Polymers, Biomaterials, Biodegradation, Waste management and valorisation, Life Cycle Assessment Research Papers: 1. Potdar PP, Kaur P, Radhakrishnan S, Singh M, Neve HT, Singh S. Valorization of paddy straw through development of PLA-paddy straw fibre reinforced composites and their physical, morphological, mechanical and thermal characterization. Biomass Conversion and Biorefinery. 2023 Aug 18:1-0. 2. Neve H, Kadam D, Sadadekar C, Wadgaonkar V, Bhatkar S, Wadekar P. Carbon Capturing Materials: A Review of Their Recent Modification Approaches and Implementation for Industrial. Sorption-New Perspectives and Applications: New Perspectives and Applications.2025 Jan 29:151. 3. Baby S, Bahzad J, Neve H, Deshmukh G. Plastic Waste, Microplastic Pollutions, Impacts, and Management. InInnovative Technologies for Waste Management: Strategies, Challenges and Future Directions 2025 Oct 15 (pp. 359-399). Cham: Springer Nature Switzerland. 4. Neve H, Thorat S, Radhakrishnan S. Melt processing behaviour and structure development in recycled PP blends with recycled PET. Progress in Rubber, Plastics and Recycling Technology. 2023 May;39(2):141-55. 5. Radhakrishnan S, Neve H, Nirmal A, Waghela D, Sangwai J, Chavan H. Improvement of properties in recycled glass‐filled polypropylene using novel blend technology. Polymer Engineering & Science. 2025 May 9. 6. Ghatage S, Wadgaonkar V, Neve H, Tatpate P, Bhutada D. A Review of Produced Water Characteristics, Methods and its Reuse. Indian Journal of Environmental Protection. 2024. 44:3. 7. Khurpade P, Neve H, Tatpate P. Completion Strategy: A Case Study of Using Autonomous Inflow. Exploring the World of Drilling. 2024 Aug 21:49. https://scholar.google.com/citations?user=mcP9Tm4AAAAJ&hl=en&oi=ao"
F182,Dr. Samidha Anand Jawade,Assistant Professor,"Material Science, Additive manufacturing, Engineering Metallurgy",,"Material Science, Additive manufacturing, Engineering Metallurgy"
F183,Ms. Renuka Pohnerkar,Assistant Professor,,,
F184,Ms. Shubhika Malara,Assistant Professor,,,
F185,Ms. Tejaswini Bharati,Assistant Professor,,,
F186,Dr. Shital Vasant Kahane,Assistant Professor,"Metal-semiconductor quantum dots, Applications",,"Metal-semiconductor quantum dots, Applications"
F187,Mrs. Seema Jitendra Patil,Assistant Professor,Machine Learning,,Machine Learning
F188,Dr. PrasantaKumar Sudarshan Ghosh,Assistant Professor,"Organic/inorganic functional nanomaterials- including organic Field Effect Transistors, inorganic/organic hybrids and advanced sensors based on organic matter and SHI Irradiation",,"Organic/inorganic functional nanomaterials- including organic Field Effect Transistors, inorganic/organic hybrids and advanced sensors based on organic matter and SHI Irradiation"
F189,Prof. Rachit Agarwal,Assistant Professor,,,
F190,Ms. Divyashree rao,Assistant Professor,,,
F191,Dr. Shubhangi Rastogi,Assistant Professor,"Bioethanol, Biocatalyst, lignocellulosic residues, probiotics, and yogurts.",,"Bioethanol, Biocatalyst, lignocellulosic residues, probiotics, and yogurts."
F192,Prof. Hossein Martin Fazeli,,,,
F193,Dr. Aquil Ahmad Khan,Assistant Professor,,,
F194,CA Swapnil Mahesh Gupta,Assistant Professor,,,
F195,Mr. Ambrish Gaur,Assistant Professor,"Illustration, textile and fashion design, art and craft LinkedIn Link https://www.linkedin.com/in/ambrish-gaur-15b12729/",,"Illustration, textile and fashion design, art and craft LinkedIn Link https://www.linkedin.com/in/ambrish-gaur-15b12729/"
F196,Dr. Anjali Milind Purohit,Associate Professor,"Power System Protection, Artificial Intelligence, Power Electronics",,"Power System Protection, Artificial Intelligence, Power Electronics"
F197,Dr. Anil Tukaram Pawar,Associate Professor,"Pharmacological evaluation of phytoconstituents, Development of polyherbal formulations",,"Pharmacological evaluation of phytoconstituents, Development of polyherbal formulations"
F198,Mrs. Shridevi Chandraprakash Karande,Assistant Professor,"AI/ML, Cloud , Healthcare AI, Big data analytics",,"AI/ML, Cloud , Healthcare AI, Big data analytics"
F199,Dr. Savitri Nathrao Jadhav,Assistant Professor,,,
F200,CA Manjiri Vishal Gadekar,Assistant Professor,"Sustainability, CSR ,ESG ,Corporate Finance",,"Sustainability, CSR ,ESG ,Corporate Finance"
F201,Ms. Falguni Vyas,Assistant Professor,,,
F202,Ms. Anuja Dilip Dhulekar,Assistant Professor,,,
F203,Dr. Geetika Rohit Parmar,Assistant Professor,,,
F204,Dr. Nidhi Gupta,Assistant Professor,,"shareholders wealth, shareholders, nse, nse companies, investigation nse, ownership, manufacturing firms, ownership ownership, performance evidence, ownership concentration","shareholders wealth, shareholders, nse, nse companies, investigation nse, ownership, manufacturing firms, ownership ownership, performance evidence, ownership concentration shareholders wealth, shareholders, nse, nse companies, investigation nse, ownership, manufacturing firms, ownership ownership, performance evidence, ownership concentration"
F205,Dr. Mandar Madhukar Lele,Professor,"Heat Exchanger, HVAC, Cryogenic Engineering, Thermal Insulation, Heat Pipe and Heat Transfer Applications......... but not limited to""",,"Heat Exchanger, HVAC, Cryogenic Engineering, Thermal Insulation, Heat Pipe and Heat Transfer Applications......... but not limited to"""
F206,Dr. Suman Devadula,,,,
F207,Dr. Rahul Anant Joshi,Associate Professor,,,
F208,Mrs. Rasika Ramendra Beohar,Assistant Professor,EnTC and Philosophy,,EnTC and Philosophy
F209,Dr. Kiran Nagare,Assistant Professor,,,
F210,Mr. Atul Uddhavrao Palange,Assistant Professor,Lean Manufacturing and DOE in dental implants,,Lean Manufacturing and DOE in dental implants
F211,Dr. Aaditi Khare,Assistant Professor,,,
F212,Dr. Vandana Kushwaha,Assistant Professor,,,
F213,Dr. Rupal Chandulal Shroff,Assistant Professor,,,
F214,Dr. Shilpa Snehal Sonawani,Assistant Professor,"Data Analytics, AI/ML, Deep learning, Business Intelligence, Climate Change, Air Pollution Monitoring, Bird conservation",,"Data Analytics, AI/ML, Deep learning, Business Intelligence, Climate Change, Air Pollution Monitoring, Bird conservation"
F215,Dr. Harshali Digambar Zodpe,Associate Professor,"VLSI, Cryptography & Embedded Systems",,"VLSI, Cryptography & Embedded Systems"
F216,Dr. Himangi Milind Pande,Associate Professor,"Wireless Body Area Network, Wireless Sensor Networks & IOT, Date Structure, Design Analysis & Algorithm, Data Analytics.",,"Wireless Body Area Network, Wireless Sensor Networks & IOT, Date Structure, Design Analysis & Algorithm, Data Analytics."
F217,Dr. Anu Singha,Assistant Professor,,,
F218,Dr. Tejaswini Pachpor,Assistant Professor,"Biostatisitcs, Data analysis and experiment designing, Process optimization and scale-up for biomolecules, Design of optimization, Bioethanol synthesis from biomass using wild yeasts",,"Biostatisitcs, Data analysis and experiment designing, Process optimization and scale-up for biomolecules, Design of optimization, Bioethanol synthesis from biomass using wild yeasts"
F219,Dr. Mangeshkumar Shendkar,Assistant Professor,,,
F220,Dr. Rahul Ashokrao Aher,Assistant Professor,,,
F221,Dr. Prashant Mahadeo Patane,Assistant Professor,"BTMS, CFD, IC Engines, Combustion, Alternate Fuels",,"BTMS, CFD, IC Engines, Combustion, Alternate Fuels"
F222,Dr. Umesh Shrivastava,Associate Professor,,,
F223,Dr. Ashwani Pant,,,,
F224,Mr. Sachin Shivaji Gunjal,Assistant Professor,,,
F225,Dr. Manasi Mishra,Associate Professor,"Plant defense proteins and peptides, Plant bioactive molecules, Botanical therapeutics, Molecular diversity and evolution",,"Plant defense proteins and peptides, Plant bioactive molecules, Botanical therapeutics, Molecular diversity and evolution"
F226,Dr. Anuradha Shantanu Kanade,Assistant Professor,,,
F227,Ms. Priya Bahirnath Kale,Assistant Professor,"Education, Psychology",,"Education, Psychology"
F228,Dr. Abhishek Bratindranath Mukherjee,Assistant Professor,"Entrepreneurship, International Business and various areas of Business Management","plasmonic nanoparticles, plasmonic, nanoparticles coated, near infrared, nanosheets visible, magnetophotonic crystals, magnetophotonic, nonreciprocal emitters, optimization compact, gradient ascent, material znps, photocatalytic material, photocatalytic, material, znps, layered, photoluminescence van, layered crystal, effects defects, effects, mode, resonance grating, resonance, mode resonance, guided mode, photodetection, large, large transverse, semimetal tairte, semimetal, platform enabled, zero photonic, zero, nonreciprocal epsilon, near zero, photoluminescence agscp, defect contributions, defect, contributions towards, contributions, materials, photonic materials, optical characterisation, defects photonic, characterisation strain, period, perturbations absorptive, perturbations, period doubling, emissive switching","Entrepreneurship, International Business and various areas of Business Management plasmonic nanoparticles, plasmonic, nanoparticles coated, near infrared, nanosheets visible, magnetophotonic crystals, magnetophotonic, nonreciprocal emitters, optimization compact, gradient ascent, material znps, photocatalytic material, photocatalytic, material, znps, layered, photoluminescence van, layered crystal, effects defects, effects, mode, resonance grating, resonance, mode resonance, guided mode, photodetection, large, large transverse, semimetal tairte, semimetal, platform enabled, zero photonic, zero, nonreciprocal epsilon, near zero, photoluminescence agscp, defect contributions, defect, contributions towards, contributions, materials, photonic materials, optical characterisation, defects photonic, characterisation strain, period, perturbations absorptive, perturbations, period doubling, emissive switching plasmonic nanoparticles, plasmonic, nanoparticles coated, near infrared, nanosheets visible, magnetophotonic crystals, magnetophotonic, nonreciprocal emitters, optimization compact, gradient ascent, material znps, photocatalytic material, photocatalytic, material, znps, layered, photoluminescence van, layered crystal, effects defects, effects, mode, resonance grating, resonance, mode resonance, guided mode, photodetection, large, large transverse, semimetal tairte, semimetal, platform enabled, zero photonic, zero, nonreciprocal epsilon, near zero, photoluminescence agscp, defect contributions, defect, contributions towards, contributions, materials, photonic materials, optical characterisation, defects photonic, characterisation strain, period, perturbations absorptive, perturbations, period doubling, emissive switching"
F229,Mrs. Rucha Deshpande,Assistant Professor,,,
F230,Dr. Girish Sharad Barpande,Associate Professor,"Engineering Design, Design Thinking, Computational Fluid Dynamics, Tribology",,"Engineering Design, Design Thinking, Computational Fluid Dynamics, Tribology"
F231,Dr. Mandar Bopardikar,Assistant Professor,"Molecular Biophysics and Biochemistry involving the investigation of various pathways for protein aggregation with the help of NMR spectroscopy, Fluorescence and other Biophysical tools",,"Molecular Biophysics and Biochemistry involving the investigation of various pathways for protein aggregation with the help of NMR spectroscopy, Fluorescence and other Biophysical tools"
F232,Dr. Rupali Sandip Kute,Assistant Professor,"Computer Vision, AI ML",,"Computer Vision, AI ML"
F233,Dr. Vinod Shastri,Professor,,,
F234,Dr. Balaso Nivruti Jagdale,Associate Professor,"Full stack Development, Smart Internet of Things, Blockchain Technology and Security",,"Full stack Development, Smart Internet of Things, Blockchain Technology and Security"
F235,Dr. Parveen Kumar,Assistant Professor,,,
F236,Mr. Abhinay Kamble,,,,
F237,Dr. Shounak Rushikesh Sugave,Associate Professor,"Software Engineering , Software Testing, Networking",,"Software Engineering , Software Testing, Networking"
F238,Mrs. Dipali Prashant Baviskar,Assistant Professor,"Artificial Intelligence, Natural Language Processing, Deep Learning , Machine Learning",,"Artificial Intelligence, Natural Language Processing, Deep Learning , Machine Learning"
F239,Mr. Sagar Sambhaji Apune,,,,
F240,Dr. Radnyi Godase,Assistant Professor,,,
F241,Dr. Darshan Gopalrao Gaidhankar,Associate Professor,"Structural Engineering, Analysis and Design of Ferrocement Materials, Concrete Technology, Earthquake Resistant Design of Structures, Prestressed Concrete, Composite Structures",,"Structural Engineering, Analysis and Design of Ferrocement Materials, Concrete Technology, Earthquake Resistant Design of Structures, Prestressed Concrete, Composite Structures"
F242,Dr. Bharat Sambhu Chaudhari,,"AIoT, TinyML, LPWANs, Si-Photonics, Optical Networks, Switching & Routing Technologies",,"AIoT, TinyML, LPWANs, Si-Photonics, Optical Networks, Switching & Routing Technologies"
F243,Dr. Rashmi Suhas Phalnikar,Professor,"Data Analytics , Software Engineering",,"Data Analytics , Software Engineering"
F244,Dr. Vaibhav Narendra Deshmukh,Associate Professor,"Nanofluid Heat Transfer, Adsorption Technology, Battery Thermal Management System, Biofuels, Electronic Devices Cooling, Renewable and Sustainable Energy",,"Nanofluid Heat Transfer, Adsorption Technology, Battery Thermal Management System, Biofuels, Electronic Devices Cooling, Renewable and Sustainable Energy"
F245,Mrs. Vrunda Hemant Agarkar,Assistant Professor,,,
F246,Mrs. Yogita Shivaji Hande,Assistant Professor,"Software Defined Networks, Deep Learning",,"Software Defined Networks, Deep Learning"
F247,Mr. Abin P. Biju,Assistant Professor,,,
F248,Dr. Aavishkar Chittaranjan Katti,Assistant Professor,,,
F249,Dr. Sharbani Kaushik,,"Biomaterials, Bioenergy, Electrochemical devices, Biosensors, Microbial Electrolysis, CO2 conversion Honors and Accolades 2019 : ISEES Best PhD Thesis Award -2020 by the International Society for Energy, Environment and Sustainability. https://isees.in/Best%20Thesis%20Awardees.htm 2019 : 1st Prize in 3-minute thesis presentation (3MT) organized by IEEE, IIT Guwahati. 2018 : Highlight of the alcohol-biosensor work in the National news https://www.thehindu.com/sci-tech/science/iit-guwahati-disposable-biosensor-selectively-detects-alcohol/article24000511.ece 2018 : Best Poster award (1st prize) in the ICRC-NISTADS Northeast Energy Conclave organized jointly by Interdisciplinary Climate Research Center, Cotton University and CSIR-National Institute of Science, Technology and Development Studies, Delhi held at Cotton University, Guwahati, Assam, India, during June 6-7. 2018 : Third Prize in RedStart- the Startup challenge sponsored by Numaligarh Refinery Limited Guwahati, held during Feb 8-11, Research Conclave 2018, IIT Guwahati 2018 : Best Oral presentation (1st prize) in the 4th International Symposium on Advances in Sustainable Polymers (ASP 17) organized by Center of Excellence for Sustainable Polymers (Dept. of Chemical Engineering), IIT Guwahati, India and Polymer Processing Academy, India during Jan 8-11. 2017 : Young Scientist Award 2017 for significant contribution to advanced materials research, awarded by Materials Research Society of India (MRSI), Kolkata Chapter, held in IIEST, Shibpur, during 11th October. 2017 : Best Poster award in the 5th International Conference on Advanced Nanomaterial and Nanotechnology (ICANN 2017), organized by Centre for Nanotechnology, IIT Guwahati during Dec 18-21. Selected Publications (i) International Journals 1. “YidC as a potential antibiotic target”. Ross E Dalbey, Sharbani Kaushik, Andreas Kuhn, 2023. BBA Molecular Cell Research. 2. “Bacterial Signal Peptides- Navigating the Journey of Proteins”. Sharbani Kaushik, Haoze He, Ross E. Dalbey., 2022. Frontiers in Physiology. 3 . “Polarity/Charge as a Determinant of Translocase Requirements for Membrane Protein Insertion”. Balasubramani Hariharan, Eva Pross, Raunak Soman, Sharbani Kaushik, Andreas Kuhn and Ross E. Dalbey, 2020. BBA Biomembranes. 4. “Silk Fibroin: An Emerging Biocompatible Material for Application of Enzymes and Whole Cells in Bioelectronics and Bioanalytical Sciences”. Sharbani Kaushik, Phurpa Dema Thungon and Pranab Goswami, 2020. ACS Biomaterials Science and Engineering, 6 (8), 4337-4355. 5. “Composite polymer coated magnetic nanoparticles based anode enhances dye degradation and power production in microbial fuel cells”. Mrinal Kumar Sarma, Mohammed Ghulam Abdul Quadir, Rupam Bhaduri, Sharbani Kaushik, Pranab Goswami, 2018. Biosensors and Bioelectronics, 119, 94-102. 6. “Bacterial Membrane Depolarization-Linked Fuel Cell Potential Burst as Signal for Selective Detection of Alcohol”. Sharbani Kaushik and Pranab Goswami, 2018. ACS Applied Materials and Interfaces, 10 (22), 18630-18640. 7. “FRET-guided surging of cyanobacterial photosystems improves and stabilizes current in photosynthetic microbial fuel cell”. Sharbani Kaushik, Mrinal K. Sarma and Pranab Goswami, 2017. Journal of Materials Chemistry A 5, 7885–7895. 8. “Thin films of silk fibroin and its blend with chitosan strongly promote biofilm growth of Synechococcus sp. BDU 140432”. Sharbani Kaushik, Mrinal K. Sarma, P.D. Thungon, M. Santhosh and Pranab Goswami, 2016. Journal of Colloid and Interface Science, 479, 251–259. 9. “Cyanobacteria: A metabolic power house for harvesting solar energy to produce bio-electricity and biofuels”. Mrinal K. Sarma, Sharbani Kaushik* and Pranab Goswami, 2016. Biomass and Bioenergy 90, 187–201. *equal first author contribution. (ii) Book Chapters 1. Chapter: Bacterial Protein Transport Pathways and analogous conserved pathways in Eukaryotes. Philip Kauffman, Sharbani Kaushik, Andreas Kuhn, and Ross E. Dalbey (In Press), 2023. 2. Chapter : Trends in Bio-Derived Biomaterials in Tissue Engineering. Dimple Chouhan*, Sharbani Kaushik*, Deepika Arora*., Biomaterials in Tissue Engineering and Regenerative Medicine. Springer, Singapore, 2021, https://doi.org/10.1007/978-981-16-0002-9_6 *equal first author contribution. 3. Chapter 10: Biofuel Cells as an Emerging Biosensing Device, Advanced Materials and Techniques and Bioanalytical Applications. Sharbani Kaushik, Caraline Ann Jacob and Pranab Goswami., Taylor and Francis Group, 2020, ISBN 9781003083856. https://doi.org/10.1201/9781003083856 https://scholar.google.co.in/citations?user=xRajzIgAAAAJ&hl=en Orchid Link LinkedIn www.linkedin.com/in/sharbani-kaushik",,"Biomaterials, Bioenergy, Electrochemical devices, Biosensors, Microbial Electrolysis, CO2 conversion Honors and Accolades 2019 : ISEES Best PhD Thesis Award -2020 by the International Society for Energy, Environment and Sustainability. https://isees.in/Best%20Thesis%20Awardees.htm 2019 : 1st Prize in 3-minute thesis presentation (3MT) organized by IEEE, IIT Guwahati. 2018 : Highlight of the alcohol-biosensor work in the National news https://www.thehindu.com/sci-tech/science/iit-guwahati-disposable-biosensor-selectively-detects-alcohol/article24000511.ece 2018 : Best Poster award (1st prize) in the ICRC-NISTADS Northeast Energy Conclave organized jointly by Interdisciplinary Climate Research Center, Cotton University and CSIR-National Institute of Science, Technology and Development Studies, Delhi held at Cotton University, Guwahati, Assam, India, during June 6-7. 2018 : Third Prize in RedStart- the Startup challenge sponsored by Numaligarh Refinery Limited Guwahati, held during Feb 8-11, Research Conclave 2018, IIT Guwahati 2018 : Best Oral presentation (1st prize) in the 4th International Symposium on Advances in Sustainable Polymers (ASP 17) organized by Center of Excellence for Sustainable Polymers (Dept. of Chemical Engineering), IIT Guwahati, India and Polymer Processing Academy, India during Jan 8-11. 2017 : Young Scientist Award 2017 for significant contribution to advanced materials research, awarded by Materials Research Society of India (MRSI), Kolkata Chapter, held in IIEST, Shibpur, during 11th October. 2017 : Best Poster award in the 5th International Conference on Advanced Nanomaterial and Nanotechnology (ICANN 2017), organized by Centre for Nanotechnology, IIT Guwahati during Dec 18-21. Selected Publications (i) International Journals 1. “YidC as a potential antibiotic target”. Ross E Dalbey, Sharbani Kaushik, Andreas Kuhn, 2023. BBA Molecular Cell Research. 2. “Bacterial Signal Peptides- Navigating the Journey of Proteins”. Sharbani Kaushik, Haoze He, Ross E. Dalbey., 2022. Frontiers in Physiology. 3 . “Polarity/Charge as a Determinant of Translocase Requirements for Membrane Protein Insertion”. Balasubramani Hariharan, Eva Pross, Raunak Soman, Sharbani Kaushik, Andreas Kuhn and Ross E. Dalbey, 2020. BBA Biomembranes. 4. “Silk Fibroin: An Emerging Biocompatible Material for Application of Enzymes and Whole Cells in Bioelectronics and Bioanalytical Sciences”. Sharbani Kaushik, Phurpa Dema Thungon and Pranab Goswami, 2020. ACS Biomaterials Science and Engineering, 6 (8), 4337-4355. 5. “Composite polymer coated magnetic nanoparticles based anode enhances dye degradation and power production in microbial fuel cells”. Mrinal Kumar Sarma, Mohammed Ghulam Abdul Quadir, Rupam Bhaduri, Sharbani Kaushik, Pranab Goswami, 2018. Biosensors and Bioelectronics, 119, 94-102. 6. “Bacterial Membrane Depolarization-Linked Fuel Cell Potential Burst as Signal for Selective Detection of Alcohol”. Sharbani Kaushik and Pranab Goswami, 2018. ACS Applied Materials and Interfaces, 10 (22), 18630-18640. 7. “FRET-guided surging of cyanobacterial photosystems improves and stabilizes current in photosynthetic microbial fuel cell”. Sharbani Kaushik, Mrinal K. Sarma and Pranab Goswami, 2017. Journal of Materials Chemistry A 5, 7885–7895. 8. “Thin films of silk fibroin and its blend with chitosan strongly promote biofilm growth of Synechococcus sp. BDU 140432”. Sharbani Kaushik, Mrinal K. Sarma, P.D. Thungon, M. Santhosh and Pranab Goswami, 2016. Journal of Colloid and Interface Science, 479, 251–259. 9. “Cyanobacteria: A metabolic power house for harvesting solar energy to produce bio-electricity and biofuels”. Mrinal K. Sarma, Sharbani Kaushik* and Pranab Goswami, 2016. Biomass and Bioenergy 90, 187–201. *equal first author contribution. (ii) Book Chapters 1. Chapter: Bacterial Protein Transport Pathways and analogous conserved pathways in Eukaryotes. Philip Kauffman, Sharbani Kaushik, Andreas Kuhn, and Ross E. Dalbey (In Press), 2023. 2. Chapter : Trends in Bio-Derived Biomaterials in Tissue Engineering. Dimple Chouhan*, Sharbani Kaushik*, Deepika Arora*., Biomaterials in Tissue Engineering and Regenerative Medicine. Springer, Singapore, 2021, https://doi.org/10.1007/978-981-16-0002-9_6 *equal first author contribution. 3. Chapter 10: Biofuel Cells as an Emerging Biosensing Device, Advanced Materials and Techniques and Bioanalytical Applications. Sharbani Kaushik, Caraline Ann Jacob and Pranab Goswami., Taylor and Francis Group, 2020, ISBN 9781003083856. https://doi.org/10.1201/9781003083856 https://scholar.google.co.in/citations?user=xRajzIgAAAAJ&hl=en Orchid Link LinkedIn www.linkedin.com/in/sharbani-kaushik"
F250,CA Bipin Vishvas Palande,Assistant Professor,"Personal Finance, Behavioural Finance, FinTech",,"Personal Finance, Behavioural Finance, FinTech"
F251,Dr. Veena Pravin Kshirsagar,Assistant Professor,,,
F252,Dr. Ashish Andhale,Assistant Professor,"location of Economic Activity, Regional and Urban Economics, Indian Economy, International Trade.",,"location of Economic Activity, Regional and Urban Economics, Indian Economy, International Trade."
F253,Dr. Raj Kumar Rajak,Assistant Professor,,,
F254,Dr. Sumit Gupta,Assistant Professor,,,
F255,Dr. Trushita Sandeep Chaware,Assistant Professor,"Wireless Communication, Network Security",,"Wireless Communication, Network Security"
F256,Mrs. Manisha Rajendra Kuveskar,,"IOT, Automation, Robotics",,"IOT, Automation, Robotics"
F257,Dr. Sushila Manish Palwe,Assistant Professor,"Computer Vision, Machine Learning, Databases",,"Computer Vision, Machine Learning, Databases"
F258,Dr. Bhavana Subhash Tiple,Associate Professor,"Deep Leaning, Machine Learning, Data analytics, software Engineering",,"Deep Leaning, Machine Learning, Data analytics, software Engineering"
F259,Mr. Gopal Vasudeo Wamane,Assistant Professor,,,
F260,Dr. Vedashree Tushar Mali,Assistant Professor,"Microfinance, Financial Inclusion, Corporate Finance",,"Microfinance, Financial Inclusion, Corporate Finance"
F261,Dr. Mukund Gokhale,,,,
F262,Mr. Mangesh Ramesh Saraf,Assistant Professor,"tribology, robotics",,"tribology, robotics"
F263,Dr. Vikram Shete,Associate Professor,,,
F264,Prof. Pratvina Vinayak Talele,Assistant Professor,Machine Learning,,Machine Learning
F265,Dr. Reshma Sujal Sonar,Assistant Professor,,,
F266,Dr. Kaustubh Arvind Sontakke,Associate Professor,,,
F267,Dr. Akshay Motilal Baheti,Professor,"• Standardization of traditional medicines. • Extraction, Isolation and Separation of Chemical Constituents from herbal drugs. • Development of Novel Drug Delivery System for Herbal drugs. • Preclinical studies • Insilico studies",,"• Standardization of traditional medicines. • Extraction, Isolation and Separation of Chemical Constituents from herbal drugs. • Development of Novel Drug Delivery System for Herbal drugs. • Preclinical studies • Insilico studies"
F268,Mr. Harshit Pratap Singh,Assistant Professor,,,
F269,Dr. Nathrao Bhimrao Jadhav,,"Photonic Integrated Circuit, Unmanned Aerial Vehicle, Image Processing, Optical Character Recognition.",,"Photonic Integrated Circuit, Unmanned Aerial Vehicle, Image Processing, Optical Character Recognition."
F270,Dr. Heenakshi Bhansali,Assistant Professor,"Neuropsychology, Clinical and Cognitive psychology, Socio-developmental psychology",,"Neuropsychology, Clinical and Cognitive psychology, Socio-developmental psychology"
F271,Dr. Aachal Taywade,Assistant Professor,"Personality, Smartphone Addiction, Parenting, youth mental health, and interpersonal relationships. https://scholar.google.co.in/citations?user=315SC4kAAAAJ&hl=en ResearchGate Link https://www.researchgate.net/publication/338211357_Gender_difference s_in_smartphone_usage_patterns_of_adolescents",,"Personality, Smartphone Addiction, Parenting, youth mental health, and interpersonal relationships. https://scholar.google.co.in/citations?user=315SC4kAAAAJ&hl=en ResearchGate Link https://www.researchgate.net/publication/338211357_Gender_difference s_in_smartphone_usage_patterns_of_adolescents"
F272,Dr. Abhijeet Ramkrishna Dhere,Assistant Professor,"Human Rights, International Law",,"Human Rights, International Law"
F273,Ms. Gayatri Lele,Assistant Professor,,,
F274,Mr. Bharat Santhalia,Assistant Professor,,,
F275,Mrs. Shreeya Chidambar Rajpurohit,Assistant Professor,"Behavioral Finance, Supply Chain Management",,"Behavioral Finance, Supply Chain Management"
F276,Mrs. Jyoti Ganesh Mante,,Security and Machine Learning,,Security and Machine Learning
F277,Dr. Akshay Bura,Assistant Professor,"1. Corrosion in reinforced concrete structures 2. Durability and service-life assessment of concrete 3. Sustainable and low-carbon concrete materials 4. Ultra-High-Performance Concrete (UHPC) 5. Microstructural and electrochemical characterization of cementitious materials Professional Memberships Life Member, Indian Concrete Institute (ICI) Associate Member, The Institution of Engineers (India) Subjects taught: Strength of Materials, Engineering Mechanics, Structural Analysis, Concrete Technology",,"1. Corrosion in reinforced concrete structures 2. Durability and service-life assessment of concrete 3. Sustainable and low-carbon concrete materials 4. Ultra-High-Performance Concrete (UHPC) 5. Microstructural and electrochemical characterization of cementitious materials Professional Memberships Life Member, Indian Concrete Institute (ICI) Associate Member, The Institution of Engineers (India) Subjects taught: Strength of Materials, Engineering Mechanics, Structural Analysis, Concrete Technology"
F278,Mrs. Rashmi Sridhara,Assistant Professor,,,
F279,Dr. Mrudula Sanjay Kulkarni,Professor,"1. Structural Analysis and Design, Application of Finite element Method for structural design, RCC structures. 2. Digital Architecture, Engineering design of implants, prosthesis. Application of Digital Methods in Civil Engineering and Architecture. 3. Mass customisation and Building façade design(Executive Programme for Research and Cooperation-Indo Italian Project) 4. Development of Ferro cast structural components for mass and Low cost housing and Toilets.Technology for LGS+Ferrocement composite construction ( BMTPC) 5. Structural retrofitting using Composite wrapping systems.",,"1. Structural Analysis and Design, Application of Finite element Method for structural design, RCC structures. 2. Digital Architecture, Engineering design of implants, prosthesis. Application of Digital Methods in Civil Engineering and Architecture. 3. Mass customisation and Building façade design(Executive Programme for Research and Cooperation-Indo Italian Project) 4. Development of Ferro cast structural components for mass and Low cost housing and Toilets.Technology for LGS+Ferrocement composite construction ( BMTPC) 5. Structural retrofitting using Composite wrapping systems."
F280,Dr. Sunil Brijlal Somani,Associate Professor,"Mobile Communication, Wireless Communication, Computer Networks,IoT... Wireless Communication, IOT https://www.webofscience.com/wos/author/record/AAT-1241-2020 Vidwan link : https://vidwan.inflibnet.ac.in/profile/147382 Research Grants Yes, BCUD Project-SPPU : Optimization between control and communication of Cellular Adhoc Network",,"Mobile Communication, Wireless Communication, Computer Networks,IoT... Wireless Communication, IOT https://www.webofscience.com/wos/author/record/AAT-1241-2020 Vidwan link : https://vidwan.inflibnet.ac.in/profile/147382 Research Grants Yes, BCUD Project-SPPU : Optimization between control and communication of Cellular Adhoc Network"
F281,Dr. Mrunal Ninad Annadate,Associate Professor,"Image/Video Processing, Biomedical Engineering, Programming/Coding",,"Image/Video Processing, Biomedical Engineering, Programming/Coding"
F282,Dr. Amit Vishnu Jomde,Assistant Professor,"Thermal Engineering, Refrigeration & AC, Fuel Cell",,"Thermal Engineering, Refrigeration & AC, Fuel Cell"
F283,Dr. Deepa Soumik Nath,Assistant Professor,,,
F284,Mrs. Jyoti Anirudha Lele,Assistant Professor,"Music Signal Analysis and Synthesis, Speech Processing, Pattern Recognition, Computer Vision, Machine Learning",,"Music Signal Analysis and Synthesis, Speech Processing, Pattern Recognition, Computer Vision, Machine Learning"
F285,Dr. Amit Mishra,Associate Professor,,,
F286,CMA Aniruddh Gupta,Assistant Professor,,,
F287,Dr. Mahesh Vasantrao Kulkarni,Assistant Professor,"Acoustics and Noise Control, Vibrations, Mechanical System design.",,"Acoustics and Noise Control, Vibrations, Mechanical System design."
F288,Ms. Aparna Ashok Kamble,Assistant Professor,"CN,DC,HPC,WSN,STQA",,"CN,DC,HPC,WSN,STQA"
F289,Mrs. Shubhangi Rajesh Shekokar,Assistant Professor,,,
F290,Dr. Shailendra Jagdish Naik,Associate Professor,,,
F291,Dr. Vandana Aryan Mooss,Assistant Professor,"Conducting polymers, nanocomposites, protective coatings, biodegradable polymers, packaging applications etc.",,"Conducting polymers, nanocomposites, protective coatings, biodegradable polymers, packaging applications etc."
F292,Dr. Anjali Rajesh Askhedkar,Assistant Professor,"Wireless communication, LPWAN, IoT",,"Wireless communication, LPWAN, IoT"
F293,Dr. Madhumita Mukherjee,Associate Professor,,,
F294,Dr. Sudhir Pandurang Patil,Professor,,,
F295,Dr. Akanksha Jaiswal,Assistant Professor,,,
F296,Dr. Akilbasha A,Assistant Professor,,,
F297,Mr. Surendra Hawgirao Barhatte,Assistant Professor,,,
F298,Dr. Mahesh Balwant Sonawane,Assistant Professor,"Building Energy Simulation, Building energy analysis, GIS applications.",,"Building Energy Simulation, Building energy analysis, GIS applications."
F299,Mrs. Sheetal Kiran Pawar,,Communication,,Communication
F300,Dr. Shantini Aniruddha Bokil,,Environmental and Sustainable Engineering M.E.Construction Management,,Environmental and Sustainable Engineering M.E.Construction Management
F301,Mr. Niraj Subhashrao Topare,Assistant Professor,"Separation Processes, Bio-energy (Biofuels, Biodiesel Production, Biochar), Wastewater Treatment, Photocatalysis and Ultrasound",,"Separation Processes, Bio-energy (Biofuels, Biodiesel Production, Biochar), Wastewater Treatment, Photocatalysis and Ultrasound"
F302,Prof. Prasantanu Mohapatra,,,,
F303,Dr. Rupali Gupta,Assistant Professor,,,
F304,Dr. Sachin Jagannath Sakhare,Assistant Professor,Interdisciplinary Education,,Interdisciplinary Education
F305,Dr. Krishna Keshavrao Warhade,,"Signal Processing, Communication",,"Signal Processing, Communication"
F306,Dr. Ajit Baburao Deore,Assistant Professor,Corrosion Techniques,,Corrosion Techniques
F307,Dr. Uma Ramachandra Pujeri,Associate Professor,"Computer Networks, Cryptography, loud computing, encryption algorithm, Post Quantum Lattice algorithm",,"Computer Networks, Cryptography, loud computing, encryption algorithm, Post Quantum Lattice algorithm"
F308,Dr. Pallavi Prashant Tatpate,Assistant Professor,"Adsorption, membrane separation, polymer composite, green composite, waste management, sustainable processes and renewable energy",,"Adsorption, membrane separation, polymer composite, green composite, waste management, sustainable processes and renewable energy"
F309,Dr. Shreya Bera,Assistant Professor,,,
F310,Dr. Prince Dubey,Assistant Professor,,,
F311,Mr. Amol Prakash Narke,Assistant Professor,"Graph Theory, Discrete Mathematics and Combinatorics.",,"Graph Theory, Discrete Mathematics and Combinatorics."
F312,Mr. Gajanan Malleshi Birajdar,Assistant Professor,Geometric Function Theory,,Geometric Function Theory
F313,Dr. Sachin Jadhav,Assistant Professor,,,
F314,Mr. Shrihari Mahadeo Bondar,Assistant Professor,Technology in Biomedical applications,,Technology in Biomedical applications
F315,Mrs. Vanita Raj Tank,Assistant Professor,"Signal Processing, Embedded Systems, Digital Communication",,"Signal Processing, Embedded Systems, Digital Communication"
F316,Dr. Kishanprasad Gangadhar Gunale,,"Automotive Electronics, Computer Vision",,"Automotive Electronics, Computer Vision"
F317,Dr. Ishaan R Kale,Assistant Professor,"Nature Inspired AI based Methods, Optimization",,"Nature Inspired AI based Methods, Optimization"
F318,Dr. Aditi Mukherjee Chakravorty,Assistant Professor,,,
F319,Dr. Jaideep Gulabrao Jadhav,Professor,"MSME Financing, Banking, Financial Analytics, Insurance Analytics, and International Finance.",,"MSME Financing, Banking, Financial Analytics, Insurance Analytics, and International Finance."
F320,Dr. Prasad Anil Kulkarni,,,,
F321,Dr. Sanjay Narayan Havaldar,Professor,"Aerodynamics, Sediment Motions, Thermo-Fluid Systems, Convective Heat Transfer, Solar Energy and Thermal Storage.",,"Aerodynamics, Sediment Motions, Thermo-Fluid Systems, Convective Heat Transfer, Solar Energy and Thermal Storage."
F322,Ms. Neelam Sharadchandra Pandit,Assistant Professor,,,
F323,Dr. Vijayashri Machindra Gurme,Assistant Professor,,,
F324,Ms. Smriti Tanvani,Assistant Professor,,,
F325,Dr. Kumar Abhijeet Raj,Assistant Professor,"Dr. Kumar Abhijeet Raj's research interests include hydraulic fracturing design and optimization, proppant transport, optimizing fracture conductivity, development of fracturing fluids for high- temperature and high-pressure reservoirs, reservoir simulation, CO₂ Enhanced Oil Recovery (EOR), and Carbon Capture, Utilization, and Storage (CCUS)..",,"Dr. Kumar Abhijeet Raj's research interests include hydraulic fracturing design and optimization, proppant transport, optimizing fracture conductivity, development of fracturing fluids for high- temperature and high-pressure reservoirs, reservoir simulation, CO₂ Enhanced Oil Recovery (EOR), and Carbon Capture, Utilization, and Storage (CCUS).."
F326,Dr. Shailendra Kumar Kale,Professor,,,
F327,Dr. Parshant Kumar,Assistant Professor,"Composite Materials, Tribology, Experimental Mechanics, Mechanical Metallurgy",,"Composite Materials, Tribology, Experimental Mechanics, Mechanical Metallurgy"
F328,Dr. Sushma Verma,Associate Professor,,,
F329,Dr. Abhijit Bendre,Assistant Professor,,,
F330,Dr. Rahul Roy,Assistant Professor,,,
F331,Dr. Samarth Dilip Patwardhan,Professor,,,
F332,Mr. Uday Vilas Jagadale,Assistant Professor,Discrete Mathematics   https://scholar.google.com/citations?user=PLhaFl8AAAAJ&hl=en,,Discrete Mathematics https://scholar.google.com/citations?user=PLhaFl8AAAAJ&hl=en
F333,Dr. Deobrat Singh,Assistant Professor,Theoretical High Energy Physics,,Theoretical High Energy Physics
F334,Mr. Vikas Waghmare,Assistant Professor,,,
F335,Dr. Varsha Shriram Nerlekar,Associate Professor,Sustainability/ Public Finance/ Financial Technologies/ Behavioural Finance & Investments https://scholar.google.com/citations?user=E_zsUREAAAAJ&hl=en,,Sustainability/ Public Finance/ Financial Technologies/ Behavioural Finance & Investments https://scholar.google.com/citations?user=E_zsUREAAAAJ&hl=en
F336,Ms. Ruchi Rani,Assistant Professor,,,
F337,Mr. Satyendra Kumar Prasad,Assistant Professor,"Cinema Studies, Media Studies",,"Cinema Studies, Media Studies"
F338,Dr. Rajesh Prannath Jawajala,Associate Professor,"Marketing, Economics & International Business",,"Marketing, Economics & International Business"
F339,Dr. Vinaya Vijay Gohokar,Professor,"IoT,Computer Vision,Edge Intelligence Research Grants 1. Grant of 23.7 Lacs for Project under DST WOS-B Scheme 2017 2. Received grant of 30 Intel Galileo Gen2 Boards and Grove starter Kits from Intel 2015 3. MODROB grant of 20 lacs for modernization of UHF and Microwave Lab in 2013 4. Seminar grant for organization of STTP on RF and Microwave Communication in 2013 5. Seminar grant of 75000 for organizing National conference in 2008 6. Travel grant of 1 lac for attending international conference in 2008 7. MODROB grant of 600000 for modernization of UHF and Microwave Lab in 2008 8. Seminar grant of 100000 for organization of STTP on UHF and Microwave""","means clustering, means, clustering, fuzzy means, comparative fuzzy, processing, pests, pests greenhouse, image processing, greenhouse image, network, precision agriculture, wireless sensor, wireless, precision, recognition svm, classifier, speech, emotion recognition, emotion, parking guidance, parking, internet things, internet, guidance internet, performance optical, optical flow, flow algorithms, flow, comparative performance, sequences, tracking, detection tracking, object detection, object, information communication, information, communication technology, communication, yolov, models real, plant disease, plant, yolov yolov, simulation, simulation convolutional, encoder, convolutional encoder, convolutional","IoT,Computer Vision,Edge Intelligence Research Grants 1. Grant of 23.7 Lacs for Project under DST WOS-B Scheme 2017 2. Received grant of 30 Intel Galileo Gen2 Boards and Grove starter Kits from Intel 2015 3. MODROB grant of 20 lacs for modernization of UHF and Microwave Lab in 2013 4. Seminar grant for organization of STTP on RF and Microwave Communication in 2013 5. Seminar grant of 75000 for organizing National conference in 2008 6. Travel grant of 1 lac for attending international conference in 2008 7. MODROB grant of 600000 for modernization of UHF and Microwave Lab in 2008 8. Seminar grant of 100000 for organization of STTP on UHF and Microwave"" means clustering, means, clustering, fuzzy means, comparative fuzzy, processing, pests, pests greenhouse, image processing, greenhouse image, network, precision agriculture, wireless sensor, wireless, precision, recognition svm, classifier, speech, emotion recognition, emotion, parking guidance, parking, internet things, internet, guidance internet, performance optical, optical flow, flow algorithms, flow, comparative performance, sequences, tracking, detection tracking, object detection, object, information communication, information, communication technology, communication, yolov, models real, plant disease, plant, yolov yolov, simulation, simulation convolutional, encoder, convolutional encoder, convolutional means clustering, means, clustering, fuzzy means, comparative fuzzy, processing, pests, pests greenhouse, image processing, greenhouse image, network, precision agriculture, wireless sensor, wireless, precision, recognition svm, classifier, speech, emotion recognition, emotion, parking guidance, parking, internet things, internet, guidance internet, performance optical, optical flow, flow algorithms, flow, comparative performance, sequences, tracking, detection tracking, object detection, object, information communication, information, communication technology, communication, yolov, models real, plant disease, plant, yolov yolov, simulation, simulation convolutional, encoder, convolutional encoder, convolutional"
F340,Dr. Rohit Raghunath Ghadge,Associate Professor,"Al/ML applications in mechanical engineering, Composite materials & structures,Optimization techniques, Design Thinking , Product design",,"Al/ML applications in mechanical engineering, Composite materials & structures,Optimization techniques, Design Thinking , Product design"
F341,Dr. Saroj Shinde,Assistant Professor,"Women's Health, Migration and Health, Tribal Health, Reproductive Health, Community Specific Studies",,"Women's Health, Migration and Health, Tribal Health, Reproductive Health, Community Specific Studies"
F342,Dr. Dev Kumar Thapa,Assistant Professor,"Nanomaterial Synthesis, Plasmonics and Metamaterials, Nanophotonics, Single particle spectroscopy and microscopy",,"Nanomaterial Synthesis, Plasmonics and Metamaterials, Nanophotonics, Single particle spectroscopy and microscopy"
F343,Mr. Dhiresh Someshrao Shastri,,"Wind Energy, Refrigeration, Automobiles",,"Wind Energy, Refrigeration, Automobiles"
F344,Dr. Shikha Vikrant Gaikwad,Assistant Professor,"Bacterial Metabolites (Poly hydroxybutyrate (PHB)-Bioplastic, Melanin, Biosurfactants), Yeast metabolites (beta Glucans),Bacterial-Metabolomics, Bioprocess Engineering, BIopolicy E3, Plant and Microbial Interactions, Circular Economy, Environmental Microbiology and Biotechnology, Plant and Microbe Interactions, Biostimulants formulation and application as an Integrated nutrient-Pest management Strategies (INM), Microbial Enhanced Oil Recovery (MEOR), Sustainable Technology for Extraction of Metabolites such as by using Cavitation",,"Bacterial Metabolites (Poly hydroxybutyrate (PHB)-Bioplastic, Melanin, Biosurfactants), Yeast metabolites (beta Glucans),Bacterial-Metabolomics, Bioprocess Engineering, BIopolicy E3, Plant and Microbial Interactions, Circular Economy, Environmental Microbiology and Biotechnology, Plant and Microbe Interactions, Biostimulants formulation and application as an Integrated nutrient-Pest management Strategies (INM), Microbial Enhanced Oil Recovery (MEOR), Sustainable Technology for Extraction of Metabolites such as by using Cavitation"
F345,Dr. Rahul Kisan Jagtap,Assistant Professor,"""Incremental Sheet Forming, Additive Manufacturing, CAD/CAM, Manufacturing Engineering""",,"""Incremental Sheet Forming, Additive Manufacturing, CAD/CAM, Manufacturing Engineering"""
F346,Dr. Amruta Sameer Naik,Assistant Professor,"Stem Cell Biology, Bone Biology, Tissue Engineering, Bone Tumors",,"Stem Cell Biology, Bone Biology, Tissue Engineering, Bone Tumors"
F347,Dr. Gautam Surendra Bapat,,,,
F348,Prof. Asmita Gaikwad,Assistant Professor,,,
F349,Dr. Racheal Nikita Sharma,Assistant Professor,,,
F350,Dr. Pratiksha Deepak Khurpade,Assistant Professor,"Nanomaterials, Catalysis, Biofuels, Flow through Porous Media, Energy",,"Nanomaterials, Catalysis, Biofuels, Flow through Porous Media, Energy"
F351,Ms. Mithila Shelar,Assistant Professor,,,
F352,Dr. Renuka Deshmukh,Associate Professor,,,
F353,Mrs. Neha Prasad Sathe,Assistant Professor,"Bio Medical Signal Processing, Wireless Sensor Network, Image Processing",,"Bio Medical Signal Processing, Wireless Sensor Network, Image Processing"
F354,Dr. Suchitra Renguntwar,Assistant Professor,,,
F355,Mr. Shiv Havgirao Sutar,Assistant Professor,"Wireless Sensor Networks, Internet of Things, and High-Performance Computing.",,"Wireless Sensor Networks, Internet of Things, and High-Performance Computing."
F356,Dr. Prashant Vilas Chaudhary,Associate Professor,"Marketing Management in Retail, Brand Management, Omni-channel Retailing, Private Label Brands, Business Negotiation, and related subject areas Books Retail marketing in the modern age (ISBN – 978-93-5150-869-4) & Selling and negotiation skills: A pragmatic approach (ISBN – 978-93-5328-212-7) both published by SAGE Publications Research Papers and Case Studies Chaudhary, P., Kiran, P., Kate, N., & Pandey, S. (2022). Experiential tourism – role and application of micro-targeting in enhancing customer experience, engagement and loyalty. Journal of Information and Optimization Sciences, 43(6), 1463–1473. (ABDC and Web of Science) https://doi.org/10.1080/02522667.2022.2139929",,"Marketing Management in Retail, Brand Management, Omni-channel Retailing, Private Label Brands, Business Negotiation, and related subject areas Books Retail marketing in the modern age (ISBN – 978-93-5150-869-4) & Selling and negotiation skills: A pragmatic approach (ISBN – 978-93-5328-212-7) both published by SAGE Publications Research Papers and Case Studies Chaudhary, P., Kiran, P., Kate, N., & Pandey, S. (2022). Experiential tourism – role and application of micro-targeting in enhancing customer experience, engagement and loyalty. Journal of Information and Optimization Sciences, 43(6), 1463–1473. (ABDC and Web of Science) https://doi.org/10.1080/02522667.2022.2139929"
F357,Dr. Bishnu Prasad Mohapatra,Assistant Professor,,,
F358,Mrs. Smita Sanjay Paithankar,Assistant Professor,"electric Vehicle -Axial Flux Motor ,Eletrical Machines",,"electric Vehicle -Axial Flux Motor ,Eletrical Machines"
F359,Dr. Abdul Nasir Khan,Assistant Professor,,,
F360,Mrs. Deepali Pankaj Javale,Assistant Professor,"Healthcare Analytics, Machine Learning, Embedded System and IoT",,"Healthcare Analytics, Machine Learning, Embedded System and IoT"
F361,Mr. Sanjay Babanrao Bhagwat,Assistant Professor,,,
F362,Dr. Swetha Rayala,Assistant Professor,"Identification and biological evaluation of novel, multi- functional, small molecular leads against Alzheimer’s disease: Drug design, discovery against neurodegenerative disorders: Computer aided drug design, synthetic Medicinal Chemistry, in-vitro, in-vivo studies against neurodegenerative disease targets (Alzheimer’s and Parkinson’s disease). Computational design, molecular docking, molecular dynamics simulations, QSAR modelling. Synthetic medicinal chemistry, in vitro, in vivo assays, solubility enhancement for poorly soluble drugs. AI and ML based screening and design of small molecules. Development of Advanced AI Models for Predicting BBB Permeability using ANN and Bi- directional Long Short-Term Memory (LSTM) models Teaching Skills Student Engagement : Focus on engaging with students, seeking feedback on learning methods Flipped Classroom Approach : Students review lecture materials (videos, readings, pre-recorded lectures) outside of class and then engage in interactive problem-solving, discussions, and applications during class. Awards and honors PhD in Pharm. Chemistry, IIT-BHU Rank in GPAT: 142 (All-India) M. Pharm Pharm. Chemistry, IIT-BHU Research output Papers : 14 SCI papers; 1 granted patent H-index : 9",,"Identification and biological evaluation of novel, multi- functional, small molecular leads against Alzheimer’s disease: Drug design, discovery against neurodegenerative disorders: Computer aided drug design, synthetic Medicinal Chemistry, in-vitro, in-vivo studies against neurodegenerative disease targets (Alzheimer’s and Parkinson’s disease). Computational design, molecular docking, molecular dynamics simulations, QSAR modelling. Synthetic medicinal chemistry, in vitro, in vivo assays, solubility enhancement for poorly soluble drugs. AI and ML based screening and design of small molecules. Development of Advanced AI Models for Predicting BBB Permeability using ANN and Bi- directional Long Short-Term Memory (LSTM) models Teaching Skills Student Engagement : Focus on engaging with students, seeking feedback on learning methods Flipped Classroom Approach : Students review lecture materials (videos, readings, pre-recorded lectures) outside of class and then engage in interactive problem-solving, discussions, and applications during class. Awards and honors PhD in Pharm. Chemistry, IIT-BHU Rank in GPAT: 142 (All-India) M. Pharm Pharm. Chemistry, IIT-BHU Research output Papers : 14 SCI papers; 1 granted patent H-index : 9"
F363,Dr. Vishakha Vijay Sakhare,Assistant Professor,"Sustainable construction materials, Geopolymer, Green building",,"Sustainable construction materials, Geopolymer, Green building"
F364,Prof. Dr. Manali Joshi,Assistant Professor,,,
F365,Mr. Sagar Ramdas Sonawane,,"Civil Structures, material science, concrete technology LinkedIn Link http://www.linkedin.com/in/prof-sagar-sonawane-83a591112 https://scholar.google.com/citations?hl=en&user=-SooHAwAAAAJ",,"Civil Structures, material science, concrete technology LinkedIn Link http://www.linkedin.com/in/prof-sagar-sonawane-83a591112 https://scholar.google.com/citations?hl=en&user=-SooHAwAAAAJ"
F366,Dr. Pradnya Siddhivinayak Kulkarni,Associate Professor,"Health Informatics, Medical Image Processing, Machine Learning, Artificial Intelligence",,"Health Informatics, Medical Image Processing, Machine Learning, Artificial Intelligence"
F367,Dr. Kunal Modak,Assistant Professor,"Dr. Kunal Modak is a geoscientist specializing in structural geology, focusing on Earth's deformation processes and their implications for petroleum exploration. He studies structural geometry, deformation patterns, and low-grade metamorphism within sedimentary basins. He actively conducts detailed geological mapping to analyze deformation patterns, fault systems, and fold structures within sedimentary basins. His structural mapping focuses on understanding the kinematics and geometry of deformed rock units, particularly in Sedimentary Basin. His work involves mapping basement-cover relationships and analyzing detachment mechanisms, such as gravity gliding along unconformities. In microstructural studies, he investigates rock deformation at the thin-section scale, examining mineral fabrics, strain indicators, and deformation mechanisms. His work in the Mesoproterozoic Kaladgi Basin of southwestern India provides insights into basin development and its potential for uranium and hydrocarbon exploration. He is a field geologist specializing in structural mapping, thematic mapping, and microstructural studies. He actively conducts detailed geological mapping to analyze deformation patterns, fault systems, and fold structures within sedimentary basins. His structural mapping focuses on understanding the kinematics and geometry of deformed rock units, particularly in Sedimentary Basin. He applies thematic mapping techniques to integrate geological, geophysical, and geochemical data for interpreting basin evolution and identifying structural controls on resource distribution.. His research extends to reservoir-triggered seismicity, where he examines the structural and microstructural factors influencing fault reactivation in seismically active regions.",,"Dr. Kunal Modak is a geoscientist specializing in structural geology, focusing on Earth's deformation processes and their implications for petroleum exploration. He studies structural geometry, deformation patterns, and low-grade metamorphism within sedimentary basins. He actively conducts detailed geological mapping to analyze deformation patterns, fault systems, and fold structures within sedimentary basins. His structural mapping focuses on understanding the kinematics and geometry of deformed rock units, particularly in Sedimentary Basin. His work involves mapping basement-cover relationships and analyzing detachment mechanisms, such as gravity gliding along unconformities. In microstructural studies, he investigates rock deformation at the thin-section scale, examining mineral fabrics, strain indicators, and deformation mechanisms. His work in the Mesoproterozoic Kaladgi Basin of southwestern India provides insights into basin development and its potential for uranium and hydrocarbon exploration. He is a field geologist specializing in structural mapping, thematic mapping, and microstructural studies. He actively conducts detailed geological mapping to analyze deformation patterns, fault systems, and fold structures within sedimentary basins. His structural mapping focuses on understanding the kinematics and geometry of deformed rock units, particularly in Sedimentary Basin. He applies thematic mapping techniques to integrate geological, geophysical, and geochemical data for interpreting basin evolution and identifying structural controls on resource distribution.. His research extends to reservoir-triggered seismicity, where he examines the structural and microstructural factors influencing fault reactivation in seismically active regions."
F368,Dr. Parul Madhuraj Jadhav,,"Signal Processing, AI-ML, Computer Vision https://scholar.google.com/citations?user=DObFL0IAAAAJ&hl=en https://publons.com/dashboard/summary/ Vidwan Link: https://vidwan.inflibnet.ac.in/profile/147409",,"Signal Processing, AI-ML, Computer Vision https://scholar.google.com/citations?user=DObFL0IAAAAJ&hl=en https://publons.com/dashboard/summary/ Vidwan Link: https://vidwan.inflibnet.ac.in/profile/147409"
F369,Dr. Girish Shamraoji Mude,,"Consumer Behavior, Customer Centricity and Agritourism",,"Consumer Behavior, Customer Centricity and Agritourism"
F370,Dr. Sudhirkumar A. Shinde,Associate Professor,"Molecular Recognition, Separation Science, Polymer Chemistry, Supramolecular Chemistry, Biomaterials, Sensors",,"Molecular Recognition, Separation Science, Polymer Chemistry, Supramolecular Chemistry, Biomaterials, Sensors"
F371,Mr. Bhushan Ganurkar,,,,
F372,Dr. Shanu Gupta,Assistant Professor,,,
F373,Dr. Anuradha Chetan Phadke,Associate Professor,"Image Processing, Machine Learning, Embedded System Design",,"Image Processing, Machine Learning, Embedded System Design"
F374,Dr. Baidehish Sahoo,Assistant Professor,"Surface Modification, Composite Materials, Solid-state welding",,"Surface Modification, Composite Materials, Solid-state welding"
F375,Dr. Alok Kumar Yadav,Assistant Professor,,,
F376,Dr. Prasad Vivek Joglekar,Assistant Professor,"Surface Physics, Spectroscopy, Magnetic Materials and Thin films, Fiber Optics, 2D Materials",,"Surface Physics, Spectroscopy, Magnetic Materials and Thin films, Fiber Optics, 2D Materials"
F377,Dr. Sumedha Dhananjay Sirsikar,Associate Professor,"Digital Forensics, Sensor Network, Internet of Things, Blockchain Technology",,"Digital Forensics, Sensor Network, Internet of Things, Blockchain Technology"
F378,Mr. Abhijeet Shrikrishna Kokare,Assistant Professor,,,
F379,Ms. Vishakha Sharma,Assistant Professor,,,
F380,Dr. Nivedita Gunesh Gogate,Associate Professor,,,
F381,Dr. Vanisree Trippayya Ramanathan,Associate Professor,"Social & Commercial Determinants of health, Health Policy, Sexual & Reproductive health, Non Communicable Diseases, Child Nutrition, RMNCH+A, Health governance & Leadership, Geriatric health, Law & Ethics in Public Health, Health Education & Promotion.",,"Social & Commercial Determinants of health, Health Policy, Sexual & Reproductive health, Non Communicable Diseases, Child Nutrition, RMNCH+A, Health governance & Leadership, Geriatric health, Law & Ethics in Public Health, Health Education & Promotion."
F382,Dr. Sushil Kumar Gupta,Associate Professor,,,
F383,Bandhali Dutta,,,,
F384,Dr. Jagadish Hammu Naik,Assistant Professor,"Dielectrics, Spectroscopy",,"Dielectrics, Spectroscopy"
F385,Dr. Suman Rawat,Assistant Professor,,,
F386,Dr. Rahul Vishwanath Dandage,Associate Professor,"Project Management, Project Risk Management, Industrial Engineering & Management, Operations Management, TQM.",,"Project Management, Project Risk Management, Industrial Engineering & Management, Operations Management, TQM."
F387,Dr. Ganesh Pralhadrao Borikar,Associate Professor,"Additive manufacturing, Vacuum and Investment Casting",,"Additive manufacturing, Vacuum and Investment Casting"
F388,Dr. Satish Chinchorkar,,"Artificial Intelligence, Machine Learning, Supply Chain Management, Operations Management",,"Artificial Intelligence, Machine Learning, Supply Chain Management, Operations Management"
F389,Dr. Manisha Chandrashekhar Kumawat,Assistant Professor,"IoT, Satellite Image Processing, AI/ML","time, series, satellite images, series vegetation, images, land, near ujani, land cover, detection timesat, dam case, time, metaheuristic adaptive, metaheuristic, satellite vegetation, hybrid metaheuristic, traffic, signal control, signal, junction traffic, junction, end, signs, llm, platform deaf, llm integration, learning heart, risk dietary, risk, planning, personalize machine, scoping, sensors insights, wearable health, sensors, monitoring diabetes, learning predictive, modeling diabetes, modeling, predictive modeling, predictive, sensor array, pollutant, pollutant surveillance, centric sensor, centric, self driven, self, robot, multipurpose drone, multipurpose","IoT, Satellite Image Processing, AI/ML time, series, satellite images, series vegetation, images, land, near ujani, land cover, detection timesat, dam case, time, metaheuristic adaptive, metaheuristic, satellite vegetation, hybrid metaheuristic, traffic, signal control, signal, junction traffic, junction, end, signs, llm, platform deaf, llm integration, learning heart, risk dietary, risk, planning, personalize machine, scoping, sensors insights, wearable health, sensors, monitoring diabetes, learning predictive, modeling diabetes, modeling, predictive modeling, predictive, sensor array, pollutant, pollutant surveillance, centric sensor, centric, self driven, self, robot, multipurpose drone, multipurpose time, series, satellite images, series vegetation, images, land, near ujani, land cover, detection timesat, dam case, time, metaheuristic adaptive, metaheuristic, satellite vegetation, hybrid metaheuristic, traffic, signal control, signal, junction traffic, junction, end, signs, llm, platform deaf, llm integration, learning heart, risk dietary, risk, planning, personalize machine, scoping, sensors insights, wearable health, sensors, monitoring diabetes, learning predictive, modeling diabetes, modeling, predictive modeling, predictive, sensor array, pollutant, pollutant surveillance, centric sensor, centric, self driven, self, robot, multipurpose drone, multipurpose"
F390,Dr. Rohit Rajabhau Salgude,Assistant Professor,,,
F391,Mr. Mahesh Nana Pradhan,Associate Professor,"Design, Composite Material, Robotics, Mechatronics",,"Design, Composite Material, Robotics, Mechatronics"
F392,Dr. Sachin Harle,Assistant Professor,"Molecular Docking, Molecular Dynamic Simulations, Next Generation Sequencing (Metagenome - Microbiome,Virome,Mycobiome, Transcriptome, Whole Genome) Sachin Harle and Prasad Wadegaonkar, Molecular Docking Study of Herbal Compounds Against NfKb Using Schrödinger and Autodock Molecular Docking Softwares, KIJSET/Jan-Mar2017/Vol- 4/Iss-1/a. Daizee Talukdar, Yodhaanjali Jinnenahalli Rajua, Pradipta Jana, Komal Sharma, Prabhakar Babele, Akansha Kothidar, Taruna Ahrodia, Lekshmi Narendrakumar, K. Ramani Shyama, Upma Singha, Subhash Tanwar, Sachin Harle, Susmita Chaudhuri, Sreevatsan Raghavan, Nitya Wadhwa, Souvik Mukherjeec, Shinjini Bhatnagar, Bhabatosh Das, GARBH-Ini study group; Genomic insights into the potency and functional roles of Lactobacillus species in term and preterm births. Teaching Experience 2 Years (CHB Teacher, Department of Biotechnology, Sant Gadge Baba Amravati University; Assistant Professor Department of Scientific Computing, Modeling and Simulation, Savitribai Phule Pune University) Industry Experience 9 Months (Nuclome Informatics Pvt. Ltd. Hyderabad) Research Experience 2.5 Years(SRF, ICAR-National Institute of High Security Animal Diseases, Bhopal; Research Scientist, BRIC-Translational Health Science and Technology Institute, Faridabad) Linkedin Profile Link https://www.linkedin.com/in/sachin-harle-ph-d-13ab56216/ https://scholar.google.com/citations?user=1CuLqrEAAAAJ&hl=en Vidwan Link https://vidwan.inflibnet.ac.in/profile/296627",,"Molecular Docking, Molecular Dynamic Simulations, Next Generation Sequencing (Metagenome - Microbiome,Virome,Mycobiome, Transcriptome, Whole Genome) Sachin Harle and Prasad Wadegaonkar, Molecular Docking Study of Herbal Compounds Against NfKb Using Schrödinger and Autodock Molecular Docking Softwares, KIJSET/Jan-Mar2017/Vol- 4/Iss-1/a. Daizee Talukdar, Yodhaanjali Jinnenahalli Rajua, Pradipta Jana, Komal Sharma, Prabhakar Babele, Akansha Kothidar, Taruna Ahrodia, Lekshmi Narendrakumar, K. Ramani Shyama, Upma Singha, Subhash Tanwar, Sachin Harle, Susmita Chaudhuri, Sreevatsan Raghavan, Nitya Wadhwa, Souvik Mukherjeec, Shinjini Bhatnagar, Bhabatosh Das, GARBH-Ini study group; Genomic insights into the potency and functional roles of Lactobacillus species in term and preterm births. Teaching Experience 2 Years (CHB Teacher, Department of Biotechnology, Sant Gadge Baba Amravati University; Assistant Professor Department of Scientific Computing, Modeling and Simulation, Savitribai Phule Pune University) Industry Experience 9 Months (Nuclome Informatics Pvt. Ltd. Hyderabad) Research Experience 2.5 Years(SRF, ICAR-National Institute of High Security Animal Diseases, Bhopal; Research Scientist, BRIC-Translational Health Science and Technology Institute, Faridabad) Linkedin Profile Link https://www.linkedin.com/in/sachin-harle-ph-d-13ab56216/ https://scholar.google.com/citations?user=1CuLqrEAAAAJ&hl=en Vidwan Link https://vidwan.inflibnet.ac.in/profile/296627"
F393,Dr. Kiran Prakash Shejale,Assistant Professor,"1. Energy Storage & Conversion – Development of high-performance lithium-ion and solid-state batteries, supercapacitors, and fuel cells with advanced electrode materials and electrocatalysts. 2. Nanomaterials & Functional Coatings – Synthesis of functional nanostructures, carbon nano-assemblies, quantum dots, and ionic polymer films for energy, catalysis, and environmental applications. 3. Solar Energy & Photocatalysis – Design of dye-sensitized (DSSC) and perovskite solar cells, along with nanostructured catalysts for solar-driven hydrogen production and water purification. 4. Electrochemical Systems & Smart Interfaces – Development of bioelectrochemical interfaces, conductive polymers, and heterostructured materials for sensors, energy devices and electrocatalysis. 5. Water Treatment & Environmental Sustainability – Advanced membrane-integrated nanomaterials, activated carbon and photocatalytic processes for water purification, CO₂ capture and pollution control.",,"1. Energy Storage & Conversion – Development of high-performance lithium-ion and solid-state batteries, supercapacitors, and fuel cells with advanced electrode materials and electrocatalysts. 2. Nanomaterials & Functional Coatings – Synthesis of functional nanostructures, carbon nano-assemblies, quantum dots, and ionic polymer films for energy, catalysis, and environmental applications. 3. Solar Energy & Photocatalysis – Design of dye-sensitized (DSSC) and perovskite solar cells, along with nanostructured catalysts for solar-driven hydrogen production and water purification. 4. Electrochemical Systems & Smart Interfaces – Development of bioelectrochemical interfaces, conductive polymers, and heterostructured materials for sensors, energy devices and electrocatalysis. 5. Water Treatment & Environmental Sustainability – Advanced membrane-integrated nanomaterials, activated carbon and photocatalytic processes for water purification, CO₂ capture and pollution control."
F394,Teaching,,,,
F395,Ms. Prerna Sharma,,"National Security, Women in PolIcing",,"National Security, Women in PolIcing"
F396,Dr. Anil Shivsharan Mashalkar,Assistant Professor,"1. CAD /CAM/CAE, Numerical Methods, Advance manufacturing, PLM, Design, FEA, Optimization of product, Micro Forming, and Manufacturing process.",,"1. CAD /CAM/CAE, Numerical Methods, Advance manufacturing, PLM, Design, FEA, Optimization of product, Micro Forming, and Manufacturing process."
F397,Dr. Amit Kumar,Assistant Professor,"Understanding the genetic and epigenetic regulation of plant haploid embryogenesis, plant totipotency and regeneration, speed breeding, photoperiod and temperature mediated regulation of plant developmental processes.",,"Understanding the genetic and epigenetic regulation of plant haploid embryogenesis, plant totipotency and regeneration, speed breeding, photoperiod and temperature mediated regulation of plant developmental processes."
F398,Dr. Rajesh Vinayak Patil,Assistant Professor,"Laser welding, Weld Imperfections detection, Image Processing, Artificial Neural Network, Support Vector Machine , and Automotive Safety.",,"Laser welding, Weld Imperfections detection, Image Processing, Artificial Neural Network, Support Vector Machine , and Automotive Safety."
F399,Dr. V N V Rama Sastry,Associate Professor,,,
F400,Dr. Sharmishta Suhas Desai,Associate Professor,,,
F401,Ms. Pallavi Choudhary,Assistant Professor,,,
F402,Dr. Ashish Shivkumar Utage,Assistant Professor,"Refrigeration and Air Conditioning, Alternative refrigerants, Energy efficiency, Heat Transfer",,"Refrigeration and Air Conditioning, Alternative refrigerants, Energy efficiency, Heat Transfer"
F403,Dr. Apurv Chaitanya Nellikka,Assistant Professor,"Nonlinear optics, nanophotonics https://scholar.google.com/citations?user=rQh89TsAAAAJ&hl=en",,"Nonlinear optics, nanophotonics https://scholar.google.com/citations?user=rQh89TsAAAAJ&hl=en"
F404,Mr. Shrikant Krishnanath Yadav,Assistant Professor,"Automobile, Robotics, IoT",,"Automobile, Robotics, IoT"
F405,Dr. Umeshkumar Bhaiyalal Dubey,Assistant Professor,,,
F406,Dr. Satish Arunrao Polshettiwar,Assistant Professor,"""Nanotherapeutics,Controlled drug delivery syst,Herbal drug formulation and Development,Solubility enhancement by SMEDS and Amorphous solid Dispersion,In-silico study""","spectrophotometric estimation, eye drops, eye, estimation total, drops, medicine standardization, medicine, herbal medicine, herbal, antimicrobial activity, antimicrobial, activity, polymer, oils, release, controlled release, controlled, current status, buccal drug, buccal, current, drug delivery, pharmaceuticals, recent trends, recent, pharmaceuticals overview, healthcare pharmaceuticals, role phytochemical, nano, management inimitable, phytochemical nano, nano formulations, reproductive, potential therapeutics, male reproductive, male, reproductive disorders, proxetil tablet, proxetil, ofloxacin cefpodoxime, simultaneous estimation, estimation ofloxacin, magnetically responsive, magnetically, loaded, loaded magnetically, responsive","""Nanotherapeutics,Controlled drug delivery syst,Herbal drug formulation and Development,Solubility enhancement by SMEDS and Amorphous solid Dispersion,In-silico study"" spectrophotometric estimation, eye drops, eye, estimation total, drops, medicine standardization, medicine, herbal medicine, herbal, antimicrobial activity, antimicrobial, activity, polymer, oils, release, controlled release, controlled, current status, buccal drug, buccal, current, drug delivery, pharmaceuticals, recent trends, recent, pharmaceuticals overview, healthcare pharmaceuticals, role phytochemical, nano, management inimitable, phytochemical nano, nano formulations, reproductive, potential therapeutics, male reproductive, male, reproductive disorders, proxetil tablet, proxetil, ofloxacin cefpodoxime, simultaneous estimation, estimation ofloxacin, magnetically responsive, magnetically, loaded, loaded magnetically, responsive spectrophotometric estimation, eye drops, eye, estimation total, drops, medicine standardization, medicine, herbal medicine, herbal, antimicrobial activity, antimicrobial, activity, polymer, oils, release, controlled release, controlled, current status, buccal drug, buccal, current, drug delivery, pharmaceuticals, recent trends, recent, pharmaceuticals overview, healthcare pharmaceuticals, role phytochemical, nano, management inimitable, phytochemical nano, nano formulations, reproductive, potential therapeutics, male reproductive, male, reproductive disorders, proxetil tablet, proxetil, ofloxacin cefpodoxime, simultaneous estimation, estimation ofloxacin, magnetically responsive, magnetically, loaded, loaded magnetically, responsive"
F407,Dr. Abhishek Singh,Assistant Professor,,,
F408,Dr. Pradeep Kumar Tiwari,Associate Professor,,,
F409,Dr. Soubir Das,Assistant Professor,"HP-HT Drilling Fluids, Oil Well Cementing, Gas Hydrates, Flow Assurance, Syntheses, Characterization, and Application of Low Dosage Kinetic Inhibitors Research Papers: Das, S., Ojha, A., Mahto, V., & Gopalakrishnan Nair, U. (2023). Evaluation of the xanthan gum, gum acacia, and their graft copolymers with acrylamide as low-dosage hydrate inhibitors for their application in the drilling of gas hydrate reservoirs. Energy & Fuels, 37(11), 7728-7745. Das, S., Mahto, V., Udayabhanu, G., Lall, M. V., Singh, K., & Deepak, M. (2023). Evaluation of L-ascorbic acid as a green low-dosage hydrate inhibitor in water-based drilling fluid for the drilling of gas hydrate reservoirs. Journal of Petroleum Science and Engineering, 220, 111156. Das, S., Mahto, V., Udayabhanu, G., Lall, M. V., Singh, K., & Deepak, M. (2022). Experimental evaluation of Sarcosine as an eco-friendly green hydrate inhibitor for the drilling of gas hydrate-bearing formations. Journal of Petroleum Science and Engineering, 208, 109764. For more detailed list check : https://scholar.google.com/citations?user=kqcaQX4AAAAJ&hl=en&oi=ao Teaching Experience :1.8 Yrs Research Experience :7 Years Linkedin Profile Link : https://www.linkedin.com/in/soubir-das-26968930/",,"HP-HT Drilling Fluids, Oil Well Cementing, Gas Hydrates, Flow Assurance, Syntheses, Characterization, and Application of Low Dosage Kinetic Inhibitors Research Papers: Das, S., Ojha, A., Mahto, V., & Gopalakrishnan Nair, U. (2023). Evaluation of the xanthan gum, gum acacia, and their graft copolymers with acrylamide as low-dosage hydrate inhibitors for their application in the drilling of gas hydrate reservoirs. Energy & Fuels, 37(11), 7728-7745. Das, S., Mahto, V., Udayabhanu, G., Lall, M. V., Singh, K., & Deepak, M. (2023). Evaluation of L-ascorbic acid as a green low-dosage hydrate inhibitor in water-based drilling fluid for the drilling of gas hydrate reservoirs. Journal of Petroleum Science and Engineering, 220, 111156. Das, S., Mahto, V., Udayabhanu, G., Lall, M. V., Singh, K., & Deepak, M. (2022). Experimental evaluation of Sarcosine as an eco-friendly green hydrate inhibitor for the drilling of gas hydrate-bearing formations. Journal of Petroleum Science and Engineering, 208, 109764. For more detailed list check : https://scholar.google.com/citations?user=kqcaQX4AAAAJ&hl=en&oi=ao Teaching Experience :1.8 Yrs Research Experience :7 Years Linkedin Profile Link : https://www.linkedin.com/in/soubir-das-26968930/"
F410,Dr. Anjali Ajit Sane,,"Financial Literacy, Banking",,"Financial Literacy, Banking"
F411,Mr. Sandeep Sampatrao Sathe,Assistant Professor,"Corrosion in reinforced concrete, Fiber reinforced concrete, Steel Structures, Pervious Concrete, Ferrocement Technology, Recycled Aggregate Concrete, Concrete with Admixtures and Non-Destructive Testing",,"Corrosion in reinforced concrete, Fiber reinforced concrete, Steel Structures, Pervious Concrete, Ferrocement Technology, Recycled Aggregate Concrete, Concrete with Admixtures and Non-Destructive Testing"
F412,Dr. Shankar Maruti Mali,Professor,"Digital Image processing, Pattern Recognition, Natural language processing and Networking",,"Digital Image processing, Pattern Recognition, Natural language processing and Networking"
F413,Dr. Ashish Haribhau Pawar,Assistant Professor,,,
F414,Dr. Anuruddha Rajaram Chabukswar,Professor,"Drug Design, Synthesis and activity evaluation of molecules (Anti-Bacterial, Anti-fungal, Anti-TB, Anti-cancer, Anti-inflammatory) Reaction optimizations, Pro drugs, Analytical Method Development.",,"Drug Design, Synthesis and activity evaluation of molecules (Anti-Bacterial, Anti-fungal, Anti-TB, Anti-cancer, Anti-inflammatory) Reaction optimizations, Pro drugs, Analytical Method Development."
F415,Dr. Prajakta Vishal Adsule,Assistant Professor,"Synthetic Chemistry,Pharmaceutical Organic Chemistry,Computer Aided Drug Design,Green Chemistry,Microwave Synthesis",,"Synthetic Chemistry,Pharmaceutical Organic Chemistry,Computer Aided Drug Design,Green Chemistry,Microwave Synthesis"
F416,Dr. Shraddha Kulkarni,Assistant Professor,,,
F417,Dr. Kausik Bhattacharyya,Assistant Professor,"Infectious diseases, Inter Microbial interaction, Habitat Specific bacterial interaction and behaviour, Microbiome, Bacterial and Viral genomics",,"Infectious diseases, Inter Microbial interaction, Habitat Specific bacterial interaction and behaviour, Microbiome, Bacterial and Viral genomics"
F418,Dr. Anusha Raghavendra Pai,Associate Professor,,,
F419,Dr. Anil Satishrao Hiwale,Professor,"Communication, Healthcare, Signal Processing",,"Communication, Healthcare, Signal Processing"
F420,Mrs. Mamta Suyog Bhamare,Assistant Professor,"Machine learning ,Social Media Analysis, Data Mining","multi, multi object, deepsort real, deepsort, yolo, image annotation, object detection, image, object, detection, media text, media, text, personality, social, use cases, tinyml applications, cases healthcare, cases, applications use, platform mobile, mobile application, cross platform, survey, mobile, securing tinyml, world, securing, connected world, connected, lan monitoring, lan, monitoring controlling, gsm lan, gsm, networks text, networks, social, personality, text, saving computation, saving, offloading bandwidth, offloading, mobile cloud, learning, learning machine, rates deep, rates, prediction stock","Machine learning ,Social Media Analysis, Data Mining multi, multi object, deepsort real, deepsort, yolo, image annotation, object detection, image, object, detection, media text, media, text, personality, social, use cases, tinyml applications, cases healthcare, cases, applications use, platform mobile, mobile application, cross platform, survey, mobile, securing tinyml, world, securing, connected world, connected, lan monitoring, lan, monitoring controlling, gsm lan, gsm, networks text, networks, social, personality, text, saving computation, saving, offloading bandwidth, offloading, mobile cloud, learning, learning machine, rates deep, rates, prediction stock multi, multi object, deepsort real, deepsort, yolo, image annotation, object detection, image, object, detection, media text, media, text, personality, social, use cases, tinyml applications, cases healthcare, cases, applications use, platform mobile, mobile application, cross platform, survey, mobile, securing tinyml, world, securing, connected world, connected, lan monitoring, lan, monitoring controlling, gsm lan, gsm, networks text, networks, social, personality, text, saving computation, saving, offloading bandwidth, offloading, mobile cloud, learning, learning machine, rates deep, rates, prediction stock"
F421,Dr. Kunal Gaurav,Professor,,,
F422,Mr. Prathamesh Sonawani,,,,
F423,Mr. Nitinkumar Raghunath Anekar,Assistant Professor,"Stress Analysis, Failure Analysis, Corrosion and Wear Analysis, Mechanical Engineering Design, Mechanical Vibrations, Biomechanics, Energy Harvesting, Nano technology",,"Stress Analysis, Failure Analysis, Corrosion and Wear Analysis, Mechanical Engineering Design, Mechanical Vibrations, Biomechanics, Energy Harvesting, Nano technology"
F424,Dr. Ashish Ramesh Mohture,Associate Professor,,,
F425,Mrs. Anagha Arun Mahajan,Assistant Professor,"Educational Pedagogies, Flipped Learning, Self-Regulated Learning",,"Educational Pedagogies, Flipped Learning, Self-Regulated Learning"
F426,Mr. Arun Balaso Mali,Assistant Professor,"Mechanical Design, Compliant Mechanisms Condition Monitoring",,"Mechanical Design, Compliant Mechanisms Condition Monitoring"
F427,Mr. Pravin Raghunath Minde,Assistant Professor,"Construction Management, Ferrocement , Sustainable construction Research Paper https://doi.org/10.1016/j.matpr.2023.03.465 1. Minde, P., Patil, J. A comprehensive review of factors affecting 3D printing technology adaptation in the Indian construction sector. J Build Rehabil 10, 86 (2025). https://doi.org/10.1007/s41024-025-00604-w 2. Minde, P., Kulkarni, M. Revolutionizing Indian construction sector with sustainable modular LGSF-ferron composite construction technology. Innov. Infrastruct. Solut. 10, 25 (2025). https://doi.org/10.1007/s41062-024-01847-1 3. Kallimani, R., Minde, P. Investigation on combined use of biochar and ground granulated blast furnace slag as a supplementary admixture in concrete. Environ Sci Pollut Res 32, 8201–8218 (2025). https://doi.org/10.1007/s11356-025-36210-z 4. Shelake, A.G., Minde, P.R. (2022). Electrifying the Future with Green Vehicle: A Review on Prospects and Issues of Electric Vehicle in India , Advances in Sustainability Science and Technology. Springer, Singapore. https://doi.org/10.1007/978-981-16-4321-7_37 5. Shivani Shinde, Pravin Minde, Mrudula Kulkarni, (2022) Analysis of LGS- ferrocement composite construction technology as a cost-effective & sustainable alternative to RCC, Materials Today: Proceedings, https://doi.org/10.1016/j.matpr.2022.04.122 6. Pravin Minde, Deeptesh Bhagat, Mahesh Patil, Mrudula Kulkarni,(2023) A state-of-the-art review of ferrocement as a sustainable construction material in the Indian context, Materials Today: Proceedings 7. Patil, D., Bukhari, S. A., Minde, P. R., & Kulkarni, M. S. (2022). Review on comparative study of diverse wall materials for affordable housing. Materials Today: Proceedings. Patent 2 Indian Patent Published, 01 German Patent Granted Advanced Traffic Control System By Using Intelligent Technology Orchid Link",,"Construction Management, Ferrocement , Sustainable construction Research Paper https://doi.org/10.1016/j.matpr.2023.03.465 1. Minde, P., Patil, J. A comprehensive review of factors affecting 3D printing technology adaptation in the Indian construction sector. J Build Rehabil 10, 86 (2025). https://doi.org/10.1007/s41024-025-00604-w 2. Minde, P., Kulkarni, M. Revolutionizing Indian construction sector with sustainable modular LGSF-ferron composite construction technology. Innov. Infrastruct. Solut. 10, 25 (2025). https://doi.org/10.1007/s41062-024-01847-1 3. Kallimani, R., Minde, P. Investigation on combined use of biochar and ground granulated blast furnace slag as a supplementary admixture in concrete. Environ Sci Pollut Res 32, 8201–8218 (2025). https://doi.org/10.1007/s11356-025-36210-z 4. Shelake, A.G., Minde, P.R. (2022). Electrifying the Future with Green Vehicle: A Review on Prospects and Issues of Electric Vehicle in India , Advances in Sustainability Science and Technology. Springer, Singapore. https://doi.org/10.1007/978-981-16-4321-7_37 5. Shivani Shinde, Pravin Minde, Mrudula Kulkarni, (2022) Analysis of LGS- ferrocement composite construction technology as a cost-effective & sustainable alternative to RCC, Materials Today: Proceedings, https://doi.org/10.1016/j.matpr.2022.04.122 6. Pravin Minde, Deeptesh Bhagat, Mahesh Patil, Mrudula Kulkarni,(2023) A state-of-the-art review of ferrocement as a sustainable construction material in the Indian context, Materials Today: Proceedings 7. Patil, D., Bukhari, S. A., Minde, P. R., & Kulkarni, M. S. (2022). Review on comparative study of diverse wall materials for affordable housing. Materials Today: Proceedings. Patent 2 Indian Patent Published, 01 German Patent Granted Advanced Traffic Control System By Using Intelligent Technology Orchid Link"
F428,Mr. Chetan Kishor Patil,Assistant Professor,Noise & Vibration,,Noise & Vibration
F429,Dr. Vikrant Sopan Yadav,Associate Professor,,,
F430,Mr. Rushil Chandra,Assistant Professor,,,
F431,Dr. Pankaj Pramod Koparde,,"Biodiversity, Ecology, Biogeography, Urban Ecology, Phylogeny, Biodiversity Informatics, Citizen Science, Science Communication",,"Biodiversity, Ecology, Biogeography, Urban Ecology, Phylogeny, Biodiversity Informatics, Citizen Science, Science Communication"
F432,Mrs. Shruti Godbole,Assistant Professor,,,
F433,Dr. Makrand Mahadev Wagale,Assistant Professor,,,
F434,Dr. Sunil Shriram Karad,,Nanomaterials,,Nanomaterials
F435,Dr. Amit Ambar Gupta,Assistant Professor,,,
F436,Mr. Sagar Sunil Kolapkar,Assistant Professor,"Transportation materials, Warm Mix Asphalt, Parking Policy and Demand Studies",,"Transportation materials, Warm Mix Asphalt, Parking Policy and Demand Studies"
F437,Dr. VasiAhmed Ebrahim Shaikh,Professor,"Liquid Crystalline Polymers, Biopolymers, Microplastics, Water Purification, Polymer Chemistry",,"Liquid Crystalline Polymers, Biopolymers, Microplastics, Water Purification, Polymer Chemistry"
F438,Dr. Esha Bansal,Assistant Professor,,,
F439,Dr. Prasad Pathak,Associate Professor,,,
F440,Ms. Suja Sreejith Panickar,Assistant Professor,"Cognitive Computing & NLP, Machine Learning, Databases, Deep Learning",,"Cognitive Computing & NLP, Machine Learning, Databases, Deep Learning"
F441,Mr. Yogesh Jayant Gaikwad,,"Multimodal Data Fusion, Artificial Intelligence & Machine Learning",,"Multimodal Data Fusion, Artificial Intelligence & Machine Learning"
F442,Mrs. Kavita Karan Ingale,Assistant Professor,"financial literacy, household finance, consumer financial behavior, financial planningand investment management, sustainable consumption anf sustainable finance",,"financial literacy, household finance, consumer financial behavior, financial planningand investment management, sustainable consumption anf sustainable finance"
F443,Mrs. Shakti Sanjay Kinger,Assistant Professor,,,
F444,Dr. Prakash Mohan Mainkar,,,,
F445,Mrs. Rajashree Sahadeo Jadhav,Assistant Professor,Differential Equations and Numerical Analysis.,,Differential Equations and Numerical Analysis.
F446,Dr. Kaustubh Vishwas Yadav,Assistant Professor,"Positive Psychology, Educational Psychology, Psychometry, Clinical Psychology",,"Positive Psychology, Educational Psychology, Psychometry, Clinical Psychology"
F447,Dr. Ratnadip Rajabhau Joshi,Associate Professor,"1. Affordable production of Green Hydrogen through thermochemical as well as bio-digetion routes 2. BioCNG from mixed agro-waste, particularly from millet crop residues 3. Delayed release Smart Bio-fertilizers 4. Health devices for Green Hydrogen and Oxygen concentrator 5. Biodegradation of pharmaceutical process effluents",,"1. Affordable production of Green Hydrogen through thermochemical as well as bio-digetion routes 2. BioCNG from mixed agro-waste, particularly from millet crop residues 3. Delayed release Smart Bio-fertilizers 4. Health devices for Green Hydrogen and Oxygen concentrator 5. Biodegradation of pharmaceutical process effluents"
F448,Mrs. Vatsala Sutar,Assistant Professor,,,
F449,Dr. Ashok Kumar Jaiswal,Assistant Professor,,,
F450,Dr. Shvetank Bhatt,Associate Professor,Neuropharmacology and Metabolic Disorders,,Neuropharmacology and Metabolic Disorders
F451,Dr. Dibyangana Chakraborty,Assistant Professor,,,
F452,Mrs. Preeti Amit Kale,Assistant Professor,"Artificial Intelligence, Analysis of Algorithms, Wireless Sensor Networks and Computational biology, Quantum Computation",,"Artificial Intelligence, Analysis of Algorithms, Wireless Sensor Networks and Computational biology, Quantum Computation"
F453,Mr. Gourav Ramesh Pednekar,Assistant Professor,,,
F454,Dr. Swapnil Narayan Undale,Associate Professor,"Marketing, Sales, Use of technology in sales & marketing. Diffusion of Technology, Educational Technology.",,"Marketing, Sales, Use of technology in sales & marketing. Diffusion of Technology, Educational Technology."
F455,Dr. Vibha Utpal Patel,Assistant Professor,"wireless communication, Digital communication, Neural Networks, Machine Learning, Data Science, Electromagnetics and Antennas, and Digital signal processing.",,"wireless communication, Digital communication, Neural Networks, Machine Learning, Data Science, Electromagnetics and Antennas, and Digital signal processing."
F456,Mr. Shailendra Ashok Dayane,Assistant Professor,Peeling and Fatigue Behavior of Adhesively Joint Different Biopolymers.,,Peeling and Fatigue Behavior of Adhesively Joint Different Biopolymers.
F457,Dr. Siddhivinayak Arvind Kulkarni,Professor,"Pattern recognition, Machine intelligence, Natural language processing and Health informatics",,"Pattern recognition, Machine intelligence, Natural language processing and Health informatics"
F458,Mrs. Manjushri Sanjay Joshi,,"IoT,Wireless Communication ,Mechatronics",,"IoT,Wireless Communication ,Mechatronics"
F459,CA Swati B Mahanoor,Assistant Professor,,,
F460,Dr. Chetan Bhimrao Khadse,Assistant Professor,"AI, Power System, IoT, Machine Learning, Smart Grid",,"AI, Power System, IoT, Machine Learning, Smart Grid"
F461,Dr. Alamgir Sani,Associate Professor,"Dr. Alamgir Sani is actively pursuing and publishing research in the domain of Consumer Buying Behaviour and Brand Preference drivers; Multi-Sided Technology Platform Business Models; Passenger Cars Buying Behaviour and Preference Drivers, Impact of emerging technologies, including Blockchain Technologies on business models and Supply Chains, Application of AI and Human Mimicking Technology (HMT) in Customer Engagement etc. A paper titled “The Impact Of Continuous Learning On Employee Well-Being: An Empirical Analysis” published in the journal Metallurgical and Materials Engineering (Print ISSN: 2217- 8961 Online ISSN: 2812-9105), Vol. 31 No. 5 (2025); DOI: https://doi.org/10.63278/mme.vi.1575, indexed in the Web of Sciences. A paper titled “Facilitating & Inhibiting Factors in the Successful Implementation of HRIS - Evidence from Organizations”, published in the journal ‘Advances in Consumer Research’ (ISSN Print: 0098- 9258 ISSN Online: 3079-1766), Vol 2, Issue 3 (2025), indexed in the ABDC Category B. “An Exploratory Investigation into the Ethical and Legal Implications of the Application of Human Mimicking Technology (HMT) in Customer Engagement, published in March 2025 in “Marketing 5.0”, Emerald Publishing Limited, Leeds, pp. 177-187. https://doi.org/10.1108/978-1-83797-815-120251013 ; ISBN: 978-1-83797-816-8, eISBN: 978-1-83797-815-1. Research Paper titled “Strategic Management of Technological Disruption: Navigating the Impact of Emerging Technologies on Business Models”, published by the journal ‘European Economic Letters’, (ISSN: 2323-5233) in its volume 14, Issue 03 (2024). ABDC, Category C Journal. Research Paper titled “Assessing the Viability of Blockchain Technology for Supply Chain Management: A Case StudyApproach” published in the Journal ‘Cahiers Magellanes-NS’ (ISSN:1624- 1940), Volume 06, Issue 02, 2024; DOI 10.6084/m9.figshare.26310216, (Web of Sciences Journal) Patents granted U.K. design patent number 6318434, granted on 20 October 2023 and published on 21 October 2023. Title of the patent „Automated Inventory Management Device using RFID technology‟, available at the link https://www.registered- design.service.gov.uk/find/6318434 Design patent (Fruits, Flowers and Vegetables Plucking and Storing Robot) Application Numbered 427474-001, Cbr Number 214-802, Cbr date 20/08/2024 (Design accepted and published, Journal No 49/2024 dated 06/12/2024). https://search.ipindia.gov.in/DesignApplicationStatus Memberships Holder of the National Skill Registry Identity Card of NASSCOM with unique number for access to NSR i.e., ITPIN (IT Professional Identification Number-701018283816). ITPIN is a unique number issued to the cardholder based on his IT professional detail including finger prints. The details on the NSR are duly verified by the empanelled background checkers and can be relied upon by companies for employing the candidate. Lifetime Member (Indian Commerce Association). Lifetime Member (ERDA), not for profit National Level Educational Trust. LinkedIn Profile Link https://www.linkedin.com/in/dr-alamgir-sani-318264135/",,"Dr. Alamgir Sani is actively pursuing and publishing research in the domain of Consumer Buying Behaviour and Brand Preference drivers; Multi-Sided Technology Platform Business Models; Passenger Cars Buying Behaviour and Preference Drivers, Impact of emerging technologies, including Blockchain Technologies on business models and Supply Chains, Application of AI and Human Mimicking Technology (HMT) in Customer Engagement etc. A paper titled “The Impact Of Continuous Learning On Employee Well-Being: An Empirical Analysis” published in the journal Metallurgical and Materials Engineering (Print ISSN: 2217- 8961 Online ISSN: 2812-9105), Vol. 31 No. 5 (2025); DOI: https://doi.org/10.63278/mme.vi.1575, indexed in the Web of Sciences. A paper titled “Facilitating & Inhibiting Factors in the Successful Implementation of HRIS - Evidence from Organizations”, published in the journal ‘Advances in Consumer Research’ (ISSN Print: 0098- 9258 ISSN Online: 3079-1766), Vol 2, Issue 3 (2025), indexed in the ABDC Category B. “An Exploratory Investigation into the Ethical and Legal Implications of the Application of Human Mimicking Technology (HMT) in Customer Engagement, published in March 2025 in “Marketing 5.0”, Emerald Publishing Limited, Leeds, pp. 177-187. https://doi.org/10.1108/978-1-83797-815-120251013 ; ISBN: 978-1-83797-816-8, eISBN: 978-1-83797-815-1. Research Paper titled “Strategic Management of Technological Disruption: Navigating the Impact of Emerging Technologies on Business Models”, published by the journal ‘European Economic Letters’, (ISSN: 2323-5233) in its volume 14, Issue 03 (2024). ABDC, Category C Journal. Research Paper titled “Assessing the Viability of Blockchain Technology for Supply Chain Management: A Case StudyApproach” published in the Journal ‘Cahiers Magellanes-NS’ (ISSN:1624- 1940), Volume 06, Issue 02, 2024; DOI 10.6084/m9.figshare.26310216, (Web of Sciences Journal) Patents granted U.K. design patent number 6318434, granted on 20 October 2023 and published on 21 October 2023. Title of the patent „Automated Inventory Management Device using RFID technology‟, available at the link https://www.registered- design.service.gov.uk/find/6318434 Design patent (Fruits, Flowers and Vegetables Plucking and Storing Robot) Application Numbered 427474-001, Cbr Number 214-802, Cbr date 20/08/2024 (Design accepted and published, Journal No 49/2024 dated 06/12/2024). https://search.ipindia.gov.in/DesignApplicationStatus Memberships Holder of the National Skill Registry Identity Card of NASSCOM with unique number for access to NSR i.e., ITPIN (IT Professional Identification Number-701018283816). ITPIN is a unique number issued to the cardholder based on his IT professional detail including finger prints. The details on the NSR are duly verified by the empanelled background checkers and can be relied upon by companies for employing the candidate. Lifetime Member (Indian Commerce Association). Lifetime Member (ERDA), not for profit National Level Educational Trust. LinkedIn Profile Link https://www.linkedin.com/in/dr-alamgir-sani-318264135/"
F462,Dr. Siddharth Shriram Shimpi,Associate Professor,,,
F463,Dr. Mitulkumar Thakorbhai Solanki,Assistant Professor,,,
F464,Mr. Mangesh Raghvendra Mahajan,,"Energy, HVAC Publication List 1. A study on the functionality of PID and fuzzy logic controllers for Quadratic Boost Converter (Qbc) 2. Two Phase Heat Transfer Coefficient for Automobile Condenser 3. Development of Heat Transfer Coefficient Correlation for minichannel condenser 4. A study of development and perspectives of a hybrid solar-wind system 5. Use of Hydrogen Enriched Compressed Natural Gas for IC Engines–Review Paper https://scholar.google.com/citations?user=w7tD5sgAAAAJ&hl=en&oi=ao",,"Energy, HVAC Publication List 1. A study on the functionality of PID and fuzzy logic controllers for Quadratic Boost Converter (Qbc) 2. Two Phase Heat Transfer Coefficient for Automobile Condenser 3. Development of Heat Transfer Coefficient Correlation for minichannel condenser 4. A study of development and perspectives of a hybrid solar-wind system 5. Use of Hydrogen Enriched Compressed Natural Gas for IC Engines–Review Paper https://scholar.google.com/citations?user=w7tD5sgAAAAJ&hl=en&oi=ao"
F465,Dr. Divyanshi Pal,Assistant Professor,,,
F466,Dr. Rupali Kanade,Assistant Professor,,,
F467,Dr. Sunil Machindra Adhav,Associate Professor,,,
F468,Mr. Amir Shikalgar,Assistant Professor,,,
F469,Dr. Meera JeevanReddy Chintala,Assistant Professor,,,
F470,Dr. Ujjwala Shitalkumar Rawandale,Assistant Professor,"VLSI Design ,Signal Processing",,"VLSI Design ,Signal Processing"
F471,Mrs. Sheetal Suresh Rajapurkar,Assistant Professor,,,
F472,Ms. Vishakha Vivek Pethkar,Assistant Professor,English Literature and queer studies,,English Literature and queer studies
F473,Dr. Harshal Salunkhe,Associate Professor,,,
F474,Dr. Madhuri Rao,Assistant Professor,,,
F475,Dr. Santosh Jaybhay,,,,
F476,Mr. Bhushan Rameshwar Shete,Assistant Professor,"History, Indian Art and Culture, Economic History of India, Public Policy Book Chapters Book Title : Gender Equality ISBN No: 978-93-95494-28-1 Publication: Aadhar Publication Chapter Title: Women at Crossfire: A Case of Ukraine Conflicts Book Title : Gender Equality (Issue and Challenges) ISBN No: 978-93-95494-03-8 Publication: Aadhar Publication Chapter Title: Health for All: A Case for Healthcare Setup for Transgender Book Title : Question bank on NCERT ISBN No: Kwik-learn Publication",,"History, Indian Art and Culture, Economic History of India, Public Policy Book Chapters Book Title : Gender Equality ISBN No: 978-93-95494-28-1 Publication: Aadhar Publication Chapter Title: Women at Crossfire: A Case of Ukraine Conflicts Book Title : Gender Equality (Issue and Challenges) ISBN No: 978-93-95494-03-8 Publication: Aadhar Publication Chapter Title: Health for All: A Case for Healthcare Setup for Transgender Book Title : Question bank on NCERT ISBN No: Kwik-learn Publication"
F477,Mrs. Suvarna Gopal Ranade,Assistant Professor,,,
F478,Dr. Neha Bharti,Assistant Professor,,,
F479,Dr. Kirtikumar Kondhare,Assistant Professor,,,
F480,Mr. Nikhil Vijaykumar Soniminde,Assistant Professor,,,
F481,Dr. Ramkrishna Manatkar,,,,
F482,Mr. Rahul Gaikwad,Assistant Professor,,,
F483,Mrs. Sunita Mahesh Kulkarni,Assistant Professor,"Image processing ,Machine Learning ,Deep learning",,"Image processing ,Machine Learning ,Deep learning"
F484,Dr. Dipak Abnave,Assistant Professor,"Health System Research, Health Governance, Human Rights and Health https://rb.gy/wfd7o4 https://rb.gy/otia77",,"Health System Research, Health Governance, Human Rights and Health https://rb.gy/wfd7o4 https://rb.gy/otia77"
F485,Dr. Minal Prashant Deshmukh,Associate Professor,"Dr. Minal P. Deshmukh's research focuses on sustainable energy and environmental solutions, with expertise in : Biofuel Production : Innovative methods for synthesizing bioethanol and biogas from non-edible deoiled cakes, agricultural waste, and lignocellulosic biomass. Environmental Sustainability : Eco-friendly processes for wastewater treatment, oil spill remediation, and carbon sequestration using bio-adsorbents like water hyacinth. Waste Valorization : Utilization of industrial and agricultural byproducts for energy generation and organic fertilizer production. Enhanced Oil Recovery (EOR) : Green techniques such as bio-polymers (guar gum, xanthan gum) and nanoparticle applications for improved hydrocarbon recovery. Circular Economy : Integrated biorefinery approaches to convert waste into biofuels, biogas, and high-value chemicals while minimizing environmental impact. Her interdisciplinary work bridges chemical engineering, petroleum engineering, and biotechnology to address global energy and sustainability challenges. Patents Granted 1) Indian patent journal: 1. Title of invention: “Synthesis of Biofuel from Nonedible Deoiled Cakes” Publication Date: 23/12/2016 Date of filing application: 22/06/2015 Application No. 2377/mum/2015A 2) Indian Patent journal Title of invention: “A Process for Bioethanol , Biogas and Manure from Deoiled Nonedible Cakes” Publication Date: 30/01/2023 Date of filing application: 06/10/2021 Application No. 202121045494 3) South African Patent Journal: 1) Title of Invention “Nelumbo Nucifera: A Potential Feedstock for oil absorbent” Patent No.: 2023/03126 Date of Grant: 28th June 2023 No. of Patents Applications Published: 02 1) “Synthesis of bioethanol from bamboo and its blending effects on petroleum SI engine” Application no. 202321036086 2) A potential feedstock of Nelumbo Nucifera for oil absorbent” Application no.35/2024 No. of Patents Applications filed: 02 1) “A method for removing oil spills from contaminated water” Application no. 202321036681 2) “A process for synthesis of blending biofuel” Application no. TEMP/E-1/17663/2023 MUM Papers published in International journal 1) “Advancements and challenges in the use of surfactants and nanoparticles for enhanced oil recovery: mechanisms, synergies, and field applications” March 2025, Environmental Science and Pollution Research, https://doi.org/10.1007/s11356-025-36237-2 2) “Harnessing biochemical innovations for sustainable oil recovery: perspectives from the Indian context on green enhanced oil recovery (GEOR) methods for matured petroleum fields”, March 2025, Environmental Science and Pollution Research, https://doi.org/10.1007/s11356- 025-36207-8 3) “Enhanced Oil Recovery Using Viscosity-Augmented Guar Gum: A Comparative Study with Xanthan Gum and Partially Hydrolyzed Polyacrylamide”, 2025, Energy & Fuels, Volume 39, https://doi.org/10.1021/acs.energyfuels.4c05116 4)” Comprehensive review on the role of nanoparticles and nanofluids in chemical enhanced oil recovery: interfacial phenomenon, compatibility, scalability, and economic viability”, 2024, Energy & Fuels, American Chemical Society, Volume 38, https://doi.org/10.1021/acs.energyfuels.4c02248 5) “Bambusa Tulda: A potential feedstock for bioethanol and its blending effects on the performance of spark ignition engine”,2024, Renewable and Sustainable Energy Reviews, Elsevier Publication, Volume 192, March 2024, 114270 https://doi.org/10.1016/ j.rser.2023.114270. 6) “Investigation of bioethanol production from Jatropha deoiled cake and its blending effects for environmental sustainability” 2023, Environment Science and Pollution Research, Springer. 30, 103640– 103651 (2023). https://doi.org/10.1007/s1 1356-023-29614-2 7) “Transformations of bamboo into bioethanol through biorefinery”, 2023, Environment Science and Pollution Research, Springer. 31(3):3343- 3360. doi: 10.1007/s11356-023- 31510-8. Epub 2023 Dec 16. 8) “Different Pretreatments and Kinetic Models for bioethanol production from lignocellulosic biomass: A review” Heliyon:Cell press,2023,Volume 9, Elsevier Publication. http://www.cell.com/heliyon 9) “Techno economic study for Production of Bioethanol from Deoiled Castor cake” International Journal of Applied Engineering Research ISSN 0973-4562 Volume 16, Number 3 (2021) pp. 210-213 10) “The Study of Biofuel Generation and Characteristics from Jatropha, Karanja, Styraxofficinalis L seed cake” Distributed Generation and Alternative Energy Fuel, Volume 36_3,301-334 (2021) Taylor and Francis Journal 11)“Comparative Study for Production of Biofuel from Potato peel Waste as Feedstock by different Enzymes: A review” Journal of Enzyme Engineering, 2022, Volume 11,pp. 2-6. 12) “Different Particle size study of castor deoiled cake for Biofuel Production with an Environmental Sustainability Perspective” Heliyon:Cell press,2022,Volume 8, Elsevier Publication. 13) “Effects of blending bioethanol with gasoline on spark–ignition engine – A review, Journal of Integrated Science and Technology,2022,10(2),pp.87-99. 14) “Development and Validation of Chemometric Assisted Spectrophotometric Method for the Simultaneous estimation of Aceclofenac, Paracetamol and Chlorzoxazone with impurities"", Biomedical and Biotechnology Research Journal, Oct 2022,IP:242.141.32.187 15) “Biofuel from cellulosic agricultural waste” Mrs. Minal Deshmukh, Maharashtra Institute Of Technology, Pune. R.S.Deshpande Sinhagad collage of engineering, Pune. International journal of chemical engineering research, ISSN0975-6442 Volume2, Number 2(2010),pp.197-217. 16) “A comprehensive study on an integrated approach for water hyacinth management to conserve natural water resources in India” Dhanashri S. Pendse, Minal P. Deshmukh, Materials Today: Proceedings, (2023) International conference 1) 4 th International Conference on Advances in water treatment and management (ICAWTM- 25) on March 01-02, 2025. “Sustainable Emission Mitigation Using PCB Plates: A Novel Approach for CO 2 Capture from Vehicle Exhaust”- Paper Title 2) 4 th International Conference on Advances in water treatment and management (ICAWTM- 25) on March 01-02, 2025. “Optimize Green Technology for Oil Spill Removal”- Paper title. 3) 4 th International Conference on Advances in water treatment and management (ICAWTM- 25) on March 01-02, 2025. “Drilling Optimization for Geothermal Energy”- Paper title. 4) “International Conference on Sustainable Environment ECO REVOLUTION 2011” Feb 19,20 2011 ,Aurangabad. “Kinetics Study Of BioFuel from Cellulosic Waste”- Paper title 5) APM 2012, scheduled during 10-12 Feb. at Ahmedabad, International Conference on Advanced Polymer Materials. “Super Absorbent Polymers “-Paper title 6) International Multidisciplinary Conference on Recent Trends in Commerce, Engineering, Technology and Social Sciences Organized by Choice College of Arts and Commerce (Recognized by Government of Maharashtra, Affiliated to University of Pune) 2013,25th Feb.2013,Pune. “Synthesis of Bioethanol from Nonedible deoiled cakes”-Paper Title 7) “A comprehensive study on integrated approach for water hyacinth management to conserve natural water resources in India” paper presented in ICAWTM conference, PDEU, Gandhinagar, Gujarat, 11-12 March, 2023 8) “Catalytic Insights into the Production of Ethyl levulinate biofuel from Furfuryl alcohol (FAL): A Review"" Ashwini Pande,MinaL Deshmukh, CHEMCON,.27-30 Dec. 2021 9) “Synthesis of biofuel from water hyacinth plant for environmental sustainability: a review” paper presented in Chemcon conference, 27-30 December 2022, HBTU Kanpur. 10) “An Eco-friendly and Cost-effective Techniques for Carbon Capture via Microalgae: A Review “ Minal Deshmukh, ICPHD 2023IIT Guwahati. 11) “Review on optimized process parameters for bioethanol from waste water weed” presented in ICDT conference, ESTCON, 10-11 September, 2024, Sabah, Malaysia. National conference 1) “A comprehensive study on integrated approach for water hyacinth management to conserve natural water resources in In 2 nd International conference on Advances in water treatment and management ICAWTM - 23, Pandit Dindayal Engineering University,, Gandhinagar, Gujarat from 11-12 March, 2023. 2) “Manufacture of fireproof gel from waste baby dipers” paper presented by MINAL Deshmukh and Mayuresh Dere in national engineering conference organized by MIT engineering collage Aurangabad, Maharashtra, April 2003. 3) “Bio-Steel” paper presented by MINAL Deshmukh and Sachin Ingale in national engineering conference organized by engineering collage of Yawatmal. Maharashtra, May 2005. 4) Mrs. Minal Deshmukh, “Extraction of Biofuel from agricultural waste”, Poster Presentation on INNOVATION–2013 organized by BCUD-Savitribai Phule Pune University and JSPM Rajarshi shahu collage, Pune on 18th April 2013 Published in conference Proceeding, 2013. 5) Mrs. Minal Deshmukh, “Extraction of Biofuel from agricultural waste”, Poster Presentation on INNOVATION–2014 organized by BCUD-Savitribai Phule Pune University and B.J. collage, Sangvi, Pune on 29th April 2014 Published in conference Proceeding, 2014. 6) “Synthesis of biofuel from water hyacinth plant for environmental sustainability: A review “CHEM CON,HBTU Kanpur, Uttar Pradesh. From Dec 27 to Dec 30 , 2022",,"Dr. Minal P. Deshmukh's research focuses on sustainable energy and environmental solutions, with expertise in : Biofuel Production : Innovative methods for synthesizing bioethanol and biogas from non-edible deoiled cakes, agricultural waste, and lignocellulosic biomass. Environmental Sustainability : Eco-friendly processes for wastewater treatment, oil spill remediation, and carbon sequestration using bio-adsorbents like water hyacinth. Waste Valorization : Utilization of industrial and agricultural byproducts for energy generation and organic fertilizer production. Enhanced Oil Recovery (EOR) : Green techniques such as bio-polymers (guar gum, xanthan gum) and nanoparticle applications for improved hydrocarbon recovery. Circular Economy : Integrated biorefinery approaches to convert waste into biofuels, biogas, and high-value chemicals while minimizing environmental impact. Her interdisciplinary work bridges chemical engineering, petroleum engineering, and biotechnology to address global energy and sustainability challenges. Patents Granted 1) Indian patent journal: 1. Title of invention: “Synthesis of Biofuel from Nonedible Deoiled Cakes” Publication Date: 23/12/2016 Date of filing application: 22/06/2015 Application No. 2377/mum/2015A 2) Indian Patent journal Title of invention: “A Process for Bioethanol , Biogas and Manure from Deoiled Nonedible Cakes” Publication Date: 30/01/2023 Date of filing application: 06/10/2021 Application No. 202121045494 3) South African Patent Journal: 1) Title of Invention “Nelumbo Nucifera: A Potential Feedstock for oil absorbent” Patent No.: 2023/03126 Date of Grant: 28th June 2023 No. of Patents Applications Published: 02 1) “Synthesis of bioethanol from bamboo and its blending effects on petroleum SI engine” Application no. 202321036086 2) A potential feedstock of Nelumbo Nucifera for oil absorbent” Application no.35/2024 No. of Patents Applications filed: 02 1) “A method for removing oil spills from contaminated water” Application no. 202321036681 2) “A process for synthesis of blending biofuel” Application no. TEMP/E-1/17663/2023 MUM Papers published in International journal 1) “Advancements and challenges in the use of surfactants and nanoparticles for enhanced oil recovery: mechanisms, synergies, and field applications” March 2025, Environmental Science and Pollution Research, https://doi.org/10.1007/s11356-025-36237-2 2) “Harnessing biochemical innovations for sustainable oil recovery: perspectives from the Indian context on green enhanced oil recovery (GEOR) methods for matured petroleum fields”, March 2025, Environmental Science and Pollution Research, https://doi.org/10.1007/s11356- 025-36207-8 3) “Enhanced Oil Recovery Using Viscosity-Augmented Guar Gum: A Comparative Study with Xanthan Gum and Partially Hydrolyzed Polyacrylamide”, 2025, Energy & Fuels, Volume 39, https://doi.org/10.1021/acs.energyfuels.4c05116 4)” Comprehensive review on the role of nanoparticles and nanofluids in chemical enhanced oil recovery: interfacial phenomenon, compatibility, scalability, and economic viability”, 2024, Energy & Fuels, American Chemical Society, Volume 38, https://doi.org/10.1021/acs.energyfuels.4c02248 5) “Bambusa Tulda: A potential feedstock for bioethanol and its blending effects on the performance of spark ignition engine”,2024, Renewable and Sustainable Energy Reviews, Elsevier Publication, Volume 192, March 2024, 114270 https://doi.org/10.1016/ j.rser.2023.114270. 6) “Investigation of bioethanol production from Jatropha deoiled cake and its blending effects for environmental sustainability” 2023, Environment Science and Pollution Research, Springer. 30, 103640– 103651 (2023). https://doi.org/10.1007/s1 1356-023-29614-2 7) “Transformations of bamboo into bioethanol through biorefinery”, 2023, Environment Science and Pollution Research, Springer. 31(3):3343- 3360. doi: 10.1007/s11356-023- 31510-8. Epub 2023 Dec 16. 8) “Different Pretreatments and Kinetic Models for bioethanol production from lignocellulosic biomass: A review” Heliyon:Cell press,2023,Volume 9, Elsevier Publication. http://www.cell.com/heliyon 9) “Techno economic study for Production of Bioethanol from Deoiled Castor cake” International Journal of Applied Engineering Research ISSN 0973-4562 Volume 16, Number 3 (2021) pp. 210-213 10) “The Study of Biofuel Generation and Characteristics from Jatropha, Karanja, Styraxofficinalis L seed cake” Distributed Generation and Alternative Energy Fuel, Volume 36_3,301-334 (2021) Taylor and Francis Journal 11)“Comparative Study for Production of Biofuel from Potato peel Waste as Feedstock by different Enzymes: A review” Journal of Enzyme Engineering, 2022, Volume 11,pp. 2-6. 12) “Different Particle size study of castor deoiled cake for Biofuel Production with an Environmental Sustainability Perspective” Heliyon:Cell press,2022,Volume 8, Elsevier Publication. 13) “Effects of blending bioethanol with gasoline on spark–ignition engine – A review, Journal of Integrated Science and Technology,2022,10(2),pp.87-99. 14) “Development and Validation of Chemometric Assisted Spectrophotometric Method for the Simultaneous estimation of Aceclofenac, Paracetamol and Chlorzoxazone with impurities"", Biomedical and Biotechnology Research Journal, Oct 2022,IP:242.141.32.187 15) “Biofuel from cellulosic agricultural waste” Mrs. Minal Deshmukh, Maharashtra Institute Of Technology, Pune. R.S.Deshpande Sinhagad collage of engineering, Pune. International journal of chemical engineering research, ISSN0975-6442 Volume2, Number 2(2010),pp.197-217. 16) “A comprehensive study on an integrated approach for water hyacinth management to conserve natural water resources in India” Dhanashri S. Pendse, Minal P. Deshmukh, Materials Today: Proceedings, (2023) International conference 1) 4 th International Conference on Advances in water treatment and management (ICAWTM- 25) on March 01-02, 2025. “Sustainable Emission Mitigation Using PCB Plates: A Novel Approach for CO 2 Capture from Vehicle Exhaust”- Paper Title 2) 4 th International Conference on Advances in water treatment and management (ICAWTM- 25) on March 01-02, 2025. “Optimize Green Technology for Oil Spill Removal”- Paper title. 3) 4 th International Conference on Advances in water treatment and management (ICAWTM- 25) on March 01-02, 2025. “Drilling Optimization for Geothermal Energy”- Paper title. 4) “International Conference on Sustainable Environment ECO REVOLUTION 2011” Feb 19,20 2011 ,Aurangabad. “Kinetics Study Of BioFuel from Cellulosic Waste”- Paper title 5) APM 2012, scheduled during 10-12 Feb. at Ahmedabad, International Conference on Advanced Polymer Materials. “Super Absorbent Polymers “-Paper title 6) International Multidisciplinary Conference on Recent Trends in Commerce, Engineering, Technology and Social Sciences Organized by Choice College of Arts and Commerce (Recognized by Government of Maharashtra, Affiliated to University of Pune) 2013,25th Feb.2013,Pune. “Synthesis of Bioethanol from Nonedible deoiled cakes”-Paper Title 7) “A comprehensive study on integrated approach for water hyacinth management to conserve natural water resources in India” paper presented in ICAWTM conference, PDEU, Gandhinagar, Gujarat, 11-12 March, 2023 8) “Catalytic Insights into the Production of Ethyl levulinate biofuel from Furfuryl alcohol (FAL): A Review"" Ashwini Pande,MinaL Deshmukh, CHEMCON,.27-30 Dec. 2021 9) “Synthesis of biofuel from water hyacinth plant for environmental sustainability: a review” paper presented in Chemcon conference, 27-30 December 2022, HBTU Kanpur. 10) “An Eco-friendly and Cost-effective Techniques for Carbon Capture via Microalgae: A Review “ Minal Deshmukh, ICPHD 2023IIT Guwahati. 11) “Review on optimized process parameters for bioethanol from waste water weed” presented in ICDT conference, ESTCON, 10-11 September, 2024, Sabah, Malaysia. National conference 1) “A comprehensive study on integrated approach for water hyacinth management to conserve natural water resources in In 2 nd International conference on Advances in water treatment and management ICAWTM - 23, Pandit Dindayal Engineering University,, Gandhinagar, Gujarat from 11-12 March, 2023. 2) “Manufacture of fireproof gel from waste baby dipers” paper presented by MINAL Deshmukh and Mayuresh Dere in national engineering conference organized by MIT engineering collage Aurangabad, Maharashtra, April 2003. 3) “Bio-Steel” paper presented by MINAL Deshmukh and Sachin Ingale in national engineering conference organized by engineering collage of Yawatmal. Maharashtra, May 2005. 4) Mrs. Minal Deshmukh, “Extraction of Biofuel from agricultural waste”, Poster Presentation on INNOVATION–2013 organized by BCUD-Savitribai Phule Pune University and JSPM Rajarshi shahu collage, Pune on 18th April 2013 Published in conference Proceeding, 2013. 5) Mrs. Minal Deshmukh, “Extraction of Biofuel from agricultural waste”, Poster Presentation on INNOVATION–2014 organized by BCUD-Savitribai Phule Pune University and B.J. collage, Sangvi, Pune on 29th April 2014 Published in conference Proceeding, 2014. 6) “Synthesis of biofuel from water hyacinth plant for environmental sustainability: A review “CHEM CON,HBTU Kanpur, Uttar Pradesh. From Dec 27 to Dec 30 , 2022"
F486,Mrs. Sulakshana Sagar Malwade,,,,
F487,Mr. Akash Dixit,Assistant Professor,,,
F488,Dr. Chinmay Devidas Deshmukh,Assistant Professor,Preclinical screening of diabetes and Inflammatory Disease models,,Preclinical screening of diabetes and Inflammatory Disease models
F489,Dr. Poonam Inamdar,Assistant Professor,"Bioinorganic Chemistry, Medicinal Chemistry, Molecular Modelling https://scholar.google.com/citations?user=TUGZ3jYAAAAJ&hl=en",,"Bioinorganic Chemistry, Medicinal Chemistry, Molecular Modelling https://scholar.google.com/citations?user=TUGZ3jYAAAAJ&hl=en"
F490,Dr. Sachin Bhimrao Bhoite,Assistant Professor,,,
F491,Dr. Swati Deepak Bankar,,,,
F492,Dr. Vikas Jaywant Magar,Assistant Professor,,,
F493,Dr. Dhanashree Umesh Tharkude,,"Human Resource Management/ OB, Sustainability",,"Human Resource Management/ OB, Sustainability"
F494,Ms. Ajita Kiran Jadhav,Assistant Professor,,,
F495,Mr. Adinath Dnyandev Yadhav,Assistant Professor,"Rigidity Analysis of structures, Optimization, Offshore Structures",,"Rigidity Analysis of structures, Optimization, Offshore Structures"
F496,Dr. Kishen R. Patil,Assistant Professor,,,
F497,Dr. Soumava Biswas,Assistant Professor,"Metal organic frameworks (MOFs) for H2 storage and CO2 capture, Molecular nanomagnets for quantum computing and nanodevices, Molecular switches with spin crossover complexes, Fluorescent sensors for the detection of volatile organic compounds (VOCs).",,"Metal organic frameworks (MOFs) for H2 storage and CO2 capture, Molecular nanomagnets for quantum computing and nanodevices, Molecular switches with spin crossover complexes, Fluorescent sensors for the detection of volatile organic compounds (VOCs)."
F498,Dr. Vishal Dasharath Ghule,,"Psychometry, Health & Wellbeing Studies, Organisational Development (OD)Interventions, Data Analysis, Research Methods.",,"Psychometry, Health & Wellbeing Studies, Organisational Development (OD)Interventions, Data Analysis, Research Methods."
F499,Dr. Ajendra Singh,Assistant Professor,,,
F500,Mr. Yogadrum Kelkar,Assistant Professor,,,
F501,Dr. Joseph Vidyasagar Tandhara,Professor,,,
F502,Ms. Ritu Goel,Assistant Professor,Industrial Economics,,Industrial Economics
F503,Mr. Abhishek Prakash Chunawale,Assistant Professor,,,
F504,Dr. Anita Kumari,Assistant Professor,,,
F505,Dr. Shruti Ravindra Danve,Assistant Professor,Wireless Communication and Embedded System Design,,Wireless Communication and Embedded System Design
F506,Dr. Arunabh Pandey,Assistant Professor,"My research focuses on eliminating the challenges of waste utilization and improving their performance in concrete pavements. My core research interest is to probe the microstructure of low carbon concrete by focusing on composition-microstructure-performance relationships in cement concrete and using the resultant changes in microstructure and phase composition to understand the long-term performance of the concrete pavement. Research Paper 1) A. Pandey, B. Kumar, A comprehensive investigation on application of microsilica and rice straw ash in rigid pavement, Construction and Building Materials. 252 (2020) 119053. https://doi.org/10.1016/j.conbuildmat.2020.119053 2) A. Pandey, B. Kumar, Investigation on the effects of acidic environment and accelerated carbonation on concrete admixed with rice straw ash and microsilica, Journal of Building Engineering. 29 (2020) 101125. https://doi.org/10.1016/j.jobe.2019.101125 3) A. Pandey, B. Kumar, Effects of rice straw ash and micro silica on mechanical properties of pavement quality concrete, Journal of Building Engineering. 26 (2019) 100889. https://doi.org/10.1016/j.jobe.2019.100889  https://scholar.google.com/citations?user=fT5JdEEAAAAJ&hl",,"My research focuses on eliminating the challenges of waste utilization and improving their performance in concrete pavements. My core research interest is to probe the microstructure of low carbon concrete by focusing on composition-microstructure-performance relationships in cement concrete and using the resultant changes in microstructure and phase composition to understand the long-term performance of the concrete pavement. Research Paper 1) A. Pandey, B. Kumar, A comprehensive investigation on application of microsilica and rice straw ash in rigid pavement, Construction and Building Materials. 252 (2020) 119053. https://doi.org/10.1016/j.conbuildmat.2020.119053 2) A. Pandey, B. Kumar, Investigation on the effects of acidic environment and accelerated carbonation on concrete admixed with rice straw ash and microsilica, Journal of Building Engineering. 29 (2020) 101125. https://doi.org/10.1016/j.jobe.2019.101125 3) A. Pandey, B. Kumar, Effects of rice straw ash and micro silica on mechanical properties of pavement quality concrete, Journal of Building Engineering. 26 (2019) 100889. https://doi.org/10.1016/j.jobe.2019.100889 https://scholar.google.com/citations?user=fT5JdEEAAAAJ&hl"
F507,Dr. Yogita Sachin Ozarde,Assistant Professor,"Phytochemical analysis, Herbal drug evaluation",,"Phytochemical analysis, Herbal drug evaluation"
F508,Mrs. Renuka Amit Mane,Assistant Professor,,,
F509,Dr. Rohini Revansiddappa Pujari,Assistant Professor,"Neuropharmacology, cancer chemotherapy induced toxicities, toxicology, metabolic disorders",,"Neuropharmacology, cancer chemotherapy induced toxicities, toxicology, metabolic disorders"
F510,Dr. Bishnudeo Roy,Assistant Professor,"Antibody profiling using single cell high throughput sequencing, Immunomodulation by biomolecules, Generation and characterization of monoclonal antiobodies",,"Antibody profiling using single cell high throughput sequencing, Immunomodulation by biomolecules, Generation and characterization of monoclonal antiobodies"
F511,Mrs. Hemlata Sandip Ohal,,Interested in Brain Signal Analysis and health care,,Interested in Brain Signal Analysis and health care
F512,Dr. Mahesh Maganlal Makwana,Assistant Professor,"Structural Engineering, Precast concrete, Structural Health Monitoring",,"Structural Engineering, Precast concrete, Structural Health Monitoring"
F513,Dr. Pallavi Adke,Assistant Professor,,,
F514,Dr. Abhijith B,Assistant Professor,,,
F515,Dr. Anand Dhananjay Kulkarni,,"Flow Assurance, Biofuels, Biopolymers, Education",,"Flow Assurance, Biofuels, Biopolymers, Education"
F516,Dr. Waseem Khan,Assistant Professor,,,
F517,Dr. Jyotsna Srivastava,Assistant Professor,"Peace and Conflict Studies, Migration Studies, Gender Studies, Masculinity, mobility and aspirations, gendered geography, and public spaces.",,"Peace and Conflict Studies, Migration Studies, Gender Studies, Masculinity, mobility and aspirations, gendered geography, and public spaces."
F518,Dr. Aproova Shastri,Assistant Professor,"Nature Inspired AI based Methods, Optimization",,"Nature Inspired AI based Methods, Optimization"
F519,Dr. Lipsa Mishra,Assistant Professor,,,
F520,Mrs. Parul Ghole,Assistant Professor,,,
F521,Dr. Nikhil Mhala,Assistant Professor,"Image Processing, Data Structure, Operating System, Machine learning",,"Image Processing, Data Structure, Operating System, Machine learning"
F522,Mrs. Ramaa Ashish Sandu,Associate Professor,,,
F523,Dr. Saurabh Ardra,Assistant Professor,,,
F524,Dr. Deepali Dhananjay Shahane,Associate Professor,,,
F525,Mr. Dhananjay Bhagat,Assistant Professor,,,
F526,Dr. Shankar Mahadevan,Associate Professor,,,
F527,Prof. Dr. Urvashi Makkar,,,,
F528,Mr. Aayush Mayank Mishra,Assistant Professor,,,
F529,Dr. Arun Prakash,,Films and New Media,,Films and New Media
F530,Dr. Sandeep Namdev Dhikale,,,,
F531,Dr. Sanjeev Kumar Shangary,Professor,"Cancer Biology, Drug discovery and development, Molecularly targeted therapy, Mechanism of action, Drug resistance, Cell signaling, Translational oncology, Diagnostics, Drug repurposing",,"Cancer Biology, Drug discovery and development, Molecularly targeted therapy, Mechanism of action, Drug resistance, Cell signaling, Translational oncology, Diagnostics, Drug repurposing"
F532,Dr. Aparna Dattatraya Pathak,Assistant Professor,Management and Law,,Management and Law
F533,Dr. Vijaykumar Bilolikar,,,,
F534,Mr. Sandeep Balasaheb Pagar,Assistant Professor,Postcolonial Studies and Diaspora Studies LinkedIn Link https://in.linkedin.com/in/sandeep-pagar,,Postcolonial Studies and Diaspora Studies LinkedIn Link https://in.linkedin.com/in/sandeep-pagar
F535,Dr. Sandeep Chandrakant Potnis,Professor,,,
F536,Dr. Samuel Jacob Kuruvilla,Associate Professor,"Politics of the Middle EAST, International Relations, Political Theory, Indian Foreign Policy Publications Monographs (Single Authored)  1. I signed an Agreement with Routledge India (Taylor & Francis) to publish a Monograph (jointly with Dr. Zheer Ahmed, Assistant Professor, SOLA, WPU) titled ‘REVISITING THE ISRAEL-PALESTINE DISPUTE: CONFLICT MANAGEMENT IN CRISIS.’ The first draft is to be submitted by 31 December 2024.  2. ‘US DIPLOMACY IN THE ISRAEL-PALESTINE CONFLICT’ NEW DELHI: NEW CENTURY PUBLICATIONS INDIA PVT LTD, JANUARY 2015.  3. ‘RADICAL CHRISTIANITY IN PALESTINE-ISRAEL: LIBERATION AND THEOLOGY IN THE MIDDLE EAST,’ LONDON: I. B. TAURIS & CO LTD, APRIL 2013. EDITED VOLUMES (WITH DR. NOUFAL N. & DR. VINSHY P. K.)  4. ‘ELECTORAL POLITICS IN INDIA: DYNAMICS AND TRENDS,’ KOLLAM: PRAVDA BOOKS, APRIL 2021, 222 PAGES, ISBN: 9788195146369  5. ‘POLITICS AND GENDER: NEW ISSUES AND TRENDS,’ KOLLAM: PRAVDA BOOKS, MARCH 2019, 101 PAGES, ISBN: 9788194025146.  6. ‘GENDER AND POLITICS: EMERGING TRENDS AND ISSUES,’ KOLLAM: PRAVDA BOOKS, FEBRUARY 2019, 115 PAGES, ISBN: 9788194025139 BOOK CHAPTERS  7. ‘BELT AND ROAD INITIATIVE: A ENCLAVE IN SRI LANKA AND AN IMPASSE FOR INDIA,’ book chapter (with Revathy C.), pp. 239-261, in C. Vinodan and Anju Lis Kurien (Eds.) China’s BRI Project: Regional and Global Dimensions, London: Scholars’ Press, 2023, 465 pages, ISBN: 9786205521038.  8. ‘LIBERATION THEOLOGY IN LATIN AMERICA AND ISRAEL/PALESTINE: PRACTICAL SIMILARITIES AND CONTEXTUAL DIFFERENCES,’ book chapter in Prof Nur Masalha & Prof Lisa Isherwood (eds.), pp.1- 20, Theologies of Liberation in Palestine: Contextual, Indigenous and Postcolonial Perspectives (Eugene, OR: Wipf and Stock Publishers, 2014), 228 pages, ISBN: 9781610977456. Liberation Theology in Latin America and Palestine-Israel: Practical Similarities and Contextual Differences, (pp. 1-20), Samuel J. Kuruvilla, https://doi.org/10.2307/j.ctt1cgf044.6, https://www.jstor.org/stable/j.ctt1cgf044.6  9. ‘PALESTINIAN THEOLOGICAL PRAXIS IN CONTEXT: AN ANALYSIS OF THE APPROACHES OF SABEEL, AL-LIQA’ AND DIYAR,’ book chapter in Rev. Dr. Mitri Raheb (Ed.), pp. 149-166, The Invention of History: A Century of Interplay between Theology and Politics in Palestine, (Bethlehem, Palestine: Diyar Publisher, 2011), 271 pages, ISBN: 9789950376045. JOURNALS (PEER-REVIEWED & REFEREED JOURNAL), MAGAZINE AND INTERNET ARTICLES  10. ‘THE POLITICAL ECONOMY OF DEVELOPMENT: AN ANALYTIC STUDY OF THE FARMERS STRUGGLE IN DELHI IN 2020,’ article submitted to The Indian Journal of Politics (AMU-Aligarh), ISSN 0303-9957. (Peer-Reviewed & Refereed Journal).  Read More https://scholar.google.com/citations?user=ALS9h4IAAAAJ&hl=en",,"Politics of the Middle EAST, International Relations, Political Theory, Indian Foreign Policy Publications Monographs (Single Authored) 1. I signed an Agreement with Routledge India (Taylor & Francis) to publish a Monograph (jointly with Dr. Zheer Ahmed, Assistant Professor, SOLA, WPU) titled ‘REVISITING THE ISRAEL-PALESTINE DISPUTE: CONFLICT MANAGEMENT IN CRISIS.’ The first draft is to be submitted by 31 December 2024. 2. ‘US DIPLOMACY IN THE ISRAEL-PALESTINE CONFLICT’ NEW DELHI: NEW CENTURY PUBLICATIONS INDIA PVT LTD, JANUARY 2015. 3. ‘RADICAL CHRISTIANITY IN PALESTINE-ISRAEL: LIBERATION AND THEOLOGY IN THE MIDDLE EAST,’ LONDON: I. B. TAURIS & CO LTD, APRIL 2013. EDITED VOLUMES (WITH DR. NOUFAL N. & DR. VINSHY P. K.) 4. ‘ELECTORAL POLITICS IN INDIA: DYNAMICS AND TRENDS,’ KOLLAM: PRAVDA BOOKS, APRIL 2021, 222 PAGES, ISBN: 9788195146369 5. ‘POLITICS AND GENDER: NEW ISSUES AND TRENDS,’ KOLLAM: PRAVDA BOOKS, MARCH 2019, 101 PAGES, ISBN: 9788194025146. 6. ‘GENDER AND POLITICS: EMERGING TRENDS AND ISSUES,’ KOLLAM: PRAVDA BOOKS, FEBRUARY 2019, 115 PAGES, ISBN: 9788194025139 BOOK CHAPTERS 7. ‘BELT AND ROAD INITIATIVE: A ENCLAVE IN SRI LANKA AND AN IMPASSE FOR INDIA,’ book chapter (with Revathy C.), pp. 239-261, in C. Vinodan and Anju Lis Kurien (Eds.) China’s BRI Project: Regional and Global Dimensions, London: Scholars’ Press, 2023, 465 pages, ISBN: 9786205521038. 8. ‘LIBERATION THEOLOGY IN LATIN AMERICA AND ISRAEL/PALESTINE: PRACTICAL SIMILARITIES AND CONTEXTUAL DIFFERENCES,’ book chapter in Prof Nur Masalha & Prof Lisa Isherwood (eds.), pp.1- 20, Theologies of Liberation in Palestine: Contextual, Indigenous and Postcolonial Perspectives (Eugene, OR: Wipf and Stock Publishers, 2014), 228 pages, ISBN: 9781610977456. Liberation Theology in Latin America and Palestine-Israel: Practical Similarities and Contextual Differences, (pp. 1-20), Samuel J. Kuruvilla, https://doi.org/10.2307/j.ctt1cgf044.6, https://www.jstor.org/stable/j.ctt1cgf044.6 9. ‘PALESTINIAN THEOLOGICAL PRAXIS IN CONTEXT: AN ANALYSIS OF THE APPROACHES OF SABEEL, AL-LIQA’ AND DIYAR,’ book chapter in Rev. Dr. Mitri Raheb (Ed.), pp. 149-166, The Invention of History: A Century of Interplay between Theology and Politics in Palestine, (Bethlehem, Palestine: Diyar Publisher, 2011), 271 pages, ISBN: 9789950376045. JOURNALS (PEER-REVIEWED & REFEREED JOURNAL), MAGAZINE AND INTERNET ARTICLES 10. ‘THE POLITICAL ECONOMY OF DEVELOPMENT: AN ANALYTIC STUDY OF THE FARMERS STRUGGLE IN DELHI IN 2020,’ article submitted to The Indian Journal of Politics (AMU-Aligarh), ISSN 0303-9957. (Peer-Reviewed & Refereed Journal). Read More https://scholar.google.com/citations?user=ALS9h4IAAAAJ&hl=en"
F537,Dr. Shahbazmubarak Abdulkhadar Dandin,Assistant Professor,,,
F538,Dr. Hemant Shripad Kulkarni,Assistant Professor,,"ratio regression, regression estimator, separate ratio, estimator neutrosophic, estimator, multiple longitudinal, quantile regression, quantile, outcomes, longitudinal outcomes, ratio exponential, product ratio, separate product, product, exponential estimators, mapping triglyceride, levels, longitudinal quasi, triglyceride levels, triglyceride, non, non informative, parents transmission, parents, informative parents, multivariate, kulkarni, phenotype quasi, phenotype, likelihood kulkarni, sciences genetics, sciences, likelihood biological, genetics, biological sciences, poisson, regression association, mapping count, phenotypes, poisson regression, quantitative traits, sibs, quantitative, multiple sibs, disequilibrium test","ratio regression, regression estimator, separate ratio, estimator neutrosophic, estimator, multiple longitudinal, quantile regression, quantile, outcomes, longitudinal outcomes, ratio exponential, product ratio, separate product, product, exponential estimators, mapping triglyceride, levels, longitudinal quasi, triglyceride levels, triglyceride, non, non informative, parents transmission, parents, informative parents, multivariate, kulkarni, phenotype quasi, phenotype, likelihood kulkarni, sciences genetics, sciences, likelihood biological, genetics, biological sciences, poisson, regression association, mapping count, phenotypes, poisson regression, quantitative traits, sibs, quantitative, multiple sibs, disequilibrium test ratio regression, regression estimator, separate ratio, estimator neutrosophic, estimator, multiple longitudinal, quantile regression, quantile, outcomes, longitudinal outcomes, ratio exponential, product ratio, separate product, product, exponential estimators, mapping triglyceride, levels, longitudinal quasi, triglyceride levels, triglyceride, non, non informative, parents transmission, parents, informative parents, multivariate, kulkarni, phenotype quasi, phenotype, likelihood kulkarni, sciences genetics, sciences, likelihood biological, genetics, biological sciences, poisson, regression association, mapping count, phenotypes, poisson regression, quantitative traits, sibs, quantitative, multiple sibs, disequilibrium test"
F539,Dr. Vaishali Hanumant Gaikwad,Assistant Professor,,,
F540,Dr. Siraj Ahmed Bhatkar,,,,
F541,Dr. Ankita Agarwal,Assistant Professor,,,
F542,Dr. Manoj Pralhad Nigadkar,Assistant Professor,,,
F543,Dr. Raju Shivaji Ingale,Assistant Professor,"Nano Gas sensor, Material science https://scholar.google.com/citations?hl=en&user=vW_99pMAAAAJ",,"Nano Gas sensor, Material science https://scholar.google.com/citations?hl=en&user=vW_99pMAAAAJ"
F544,Mr. Shahrukh Sayyed,Assistant Professor,,,
F545,Mr. Vinay Munde,Assistant Professor,,,
F546,Non Teaching,,,,
F547,Dr. Vaishali Namdevrao Choudhari,Assistant Professor,"Psychology, Mental health",,"Psychology, Mental health"
F548,Mr. Rutwick Vyas,Assistant Professor,,,
F549,Mr. Chinmay Sanjay Bendre,,,,
F550,Dr. Nilam Mahesh Pradhan,Assistant Professor,"Industrial Internet of Things, Networking",,"Industrial Internet of Things, Networking"
F551,Ms. Shraddha Salvi,Assistant Professor,,,
F552,Dr. Umesh Kisan Raut,Assistant Professor,Network and Security,,Network and Security
F553,Mrs. Manisha Ravindra Ingle,Associate Professor,VLSI Design,,VLSI Design
F554,Mr. Sanket Rajesh Tirpude,Assistant Professor,,,
F555,Mrs. Swati Snehal Wagh,,"Synthesis of nanomaterials,Photocatalysis, PEC water splitting, PEC HER and OER Publication List 1. Unveiling the Efficiency of Dye-Sensitized Solar Cells: A Journey from Synthetic to Natural Dyes 2. Zinc Oxide Decorated Carbon Nanotubes Composites for Photocatalysis and Antifungal Application 3. Comparative studies on synthesis, characterization and photocatalytic activity of Ag doped ZnO nanoparticles 4. Silver doped ZnO nanoparticles Synthesized for Photocatalysis Application",,"Synthesis of nanomaterials,Photocatalysis, PEC water splitting, PEC HER and OER Publication List 1. Unveiling the Efficiency of Dye-Sensitized Solar Cells: A Journey from Synthetic to Natural Dyes 2. Zinc Oxide Decorated Carbon Nanotubes Composites for Photocatalysis and Antifungal Application 3. Comparative studies on synthesis, characterization and photocatalytic activity of Ag doped ZnO nanoparticles 4. Silver doped ZnO nanoparticles Synthesized for Photocatalysis Application"
F556,Dr. Summon Kaul,Professor,"Drug Discovery, Medicinal Chemistry, Natural Product Chemistry, Synthetic Organic Chemistry",,"Drug Discovery, Medicinal Chemistry, Natural Product Chemistry, Synthetic Organic Chemistry"
F557,Dr. Ajay Sahu,Assistant Professor,"His research area of interests includes: Computational techniques for fracture network characterization, Fluid flow in naturally fractured reservoirs, Optimized field development techniques using Petrel-RE, Fractals and Multifractals, Carbon Storage in Fractured reservoirs.",,"His research area of interests includes: Computational techniques for fracture network characterization, Fluid flow in naturally fractured reservoirs, Optimized field development techniques using Petrel-RE, Fractals and Multifractals, Carbon Storage in Fractured reservoirs."
F558,Ms. Madhura Dilip Londhe,Assistant Professor,"Developmental psychology, cognitive psychology, career counseling and social psychology.",,"Developmental psychology, cognitive psychology, career counseling and social psychology."
F559,Dr. Gopal Sakarkar,Associate Professor,,,
F560,Dr. Prajkta Bhide,Assistant Professor,,,
F561,Dr. Netra Manoj Lokhande,Associate Professor,"Image Processing, Power Systems, IoT, Robotics",,"Image Processing, Power Systems, IoT, Robotics"
F562,Dr. Shubhalaxmi Sanjay Joshi,,,,
F563,Mrs. Pradnya Vaibhav Kulkarni,Assistant Professor,"Recommendation Systems,Machine Learning",,"Recommendation Systems,Machine Learning"
F564,Dr. Trupti Nitin Baraskar,Assistant Professor,"Digital Electronics and Logic Design, Computer Organization and Architectures, Microprocessor and Microcontroller, Medical Image Processing, Computer Vision",,"Digital Electronics and Logic Design, Computer Organization and Architectures, Microprocessor and Microcontroller, Medical Image Processing, Computer Vision"
F565,Dr. Akshita Sparshneel Chanchlani,Assistant Professor,,,
F566,CA Saee Omkar Sumant,Assistant Professor,,,
F567,Dr. Mahesh Kumar,Assistant Professor,,,
F568,Dr. Basavaraj Shantaram Kothavale,Professor,"Product Design, Reliability, NVH",,"Product Design, Reliability, NVH"
F569,Dr. Sukhada Prasad Bhingarkar,,"Cloud Computing, Information Security, Machine Learning",,"Cloud Computing, Information Security, Machine Learning"
F570,Mr. Nikhil Dattatray Deshmukh,,,,
F571,Mrs. Shruti Shukla,Assistant Professor,,,
F572,Mrs. Deepali Sanjay Kulkarni,Assistant Professor,"POLYMER MATERIALS ,NANOMATERIALS ,COMPOSITES",,"POLYMER MATERIALS ,NANOMATERIALS ,COMPOSITES"
F573,Dr. Ratna Vadra,Associate Professor,,,
F574,Mr. Abhaysinha Gunvantrao Shelake,Assistant Professor,,,
F575,Mr. Goutam Bhaskar,Assistant Professor,,,
F576,Dr. Kanchan Vyankatesh Shende,Assistant Professor,,,
F577,Dr. Sanchi Agarwal,Assistant Professor,,,
F578,Dr. Vaidehi Vaibhav Deshmukh,Assistant Professor,"image processing, deep learning",,"image processing, deep learning"
F579,Mrs. Bhakti Amogh Paranjape,Assistant Professor,,,
F580,Dr. Yashpal Dashrath Netragaonkar,Associate Professor,,,
F581,Dr. Vilas Sahebrao Kanthale,Associate Professor,"Design, Vibration and Manufacturing",,"Design, Vibration and Manufacturing"
F582,Dr. Parineeta Das,Assistant Professor,"Polymer Science, Biopolymers, Biocatalyst, Biodiesel, Anticorrosive coating, Dendrimers, Green organic synthesis, Hydrogen generation, Computational Toxicology.",,"Polymer Science, Biopolymers, Biocatalyst, Biodiesel, Anticorrosive coating, Dendrimers, Green organic synthesis, Hydrogen generation, Computational Toxicology."
F583,Dr. Amey Shripad Deshpande,Assistant Professor,,,
F584,Dr. Chaitali Vivek Chandankhede,Assistant Professor,,,
F585,Mr. Akashdeep Sharma,Assistant Professor,,,
F586,Mr. Sandip Navnathrao Palve,Assistant Professor,Air Pollution and Climate Change,,Air Pollution and Climate Change
F587,Dr. Nikhilesh Joardar,Assistant Professor,,,
F588,Mrs. Manisha Mohan Wani,Assistant Professor,Electrical Power systems https://scholar.google.com/citations?user=lWp2MZ8AAAAJ&hl=en,,Electrical Power systems https://scholar.google.com/citations?user=lWp2MZ8AAAAJ&hl=en
F589,Dr. Ganesh Marotrao Kakandikar,,"CAD/CAM/CAE, Materials and Manufacturing",,"CAD/CAM/CAE, Materials and Manufacturing"
F590,Dr. Atanu Hazarika,Assistant Professor,,,
F591,Mr. Sanmit Sanjit Sarkar,Assistant Professor,,,
F592,Dr. Abhishek Madhukar Thote,Assistant Professor,"Biomedical Engineering, Mechanical Design and Finite Element Analysis",,"Biomedical Engineering, Mechanical Design and Finite Element Analysis"
F593,Mr. Sachin Ratnakar Deshmukh,,"Additive Manufacturing, Hybrid Manufacturing",,"Additive Manufacturing, Hybrid Manufacturing"
F594,Dr. Ranjana Anup Agrawal,Assistant Professor,,,
F595,Dr. Sandhya Mathapati,Assistant Professor,,,
F596,Prof. Manish Kumar Sharma,Assistant Professor,,,
F597,Mr. Pramod Bapu Mali,Assistant Professor,"Artificial Intelligence, Machine Learning.",,"Artificial Intelligence, Machine Learning."
F598,Mr. Suryakant Karande,Assistant Professor,,,
F599,Mrs. Sonal Manohar Muluk,Assistant Professor,"Research Interests: Marketing Management, Sustainability, Circular Economy",,"Research Interests: Marketing Management, Sustainability, Circular Economy"
F600,Dr. Shital Pathak,,,,
F601,Mr. Sagar Gothkhindikar,Assistant Professor,,,
