Name,Scholar_ID,Title,Year
Dr. Kishor Rambhau Kolhe,qhOPZi4AAAAJ,A Novel Way of Cost Estimation in Software Project Development Based on Clustering Techniques,2014,"Software cost estimation is the very basic step to start any project. It provides us the overview of effort, resources and time required for a project in terms of cost. Project successes mostly depend on Cost estimation as it gives the initial idea of the path, challenges and risk involved in the project. It is very difficult to match approximately the estimated with the actual cost. Efficient estimate can help us make more reliable decisions in planning the project risk. Cost estimation has become very important as it may lead to adverse results if the predicted estimates are wrong. In this model, we have proposed a value shrinking technique based on multilayer feed-forward neural network, and auto-associative clustering. The Kernel component analysis is log-linear regression functions calibrated with large data set with ordinary least squares. We have showed that Kernel component analysis can improve the estimation model accuracy by shrinking the input variables into an equivalent pattern and removing irrelevant variable, based on the COCOMOII data set. We have showed that the models obtained by applying Kernel component analysis are more persistent, acceptable and dependable."
Dr. Kishor Rambhau Kolhe,qhOPZi4AAAAJ,Investigation of poly (o-anisidine)-SnO2 nanocomposites for fabrication of low temperature operative liquefied petroleum gas sensor,2011,"Poly (o-anisidine)-tin oxide (POA-SnO 2) nanocomposites has been investigated for the fabrication of low temperature operative (100 C) liquefied petroleum gas (LPG) sensor. The POA-SnO 2 nanocomposites have been synthesized through an in situ chemical polymerization of o-anisidine in presence of SnO 2 nanoparticles. The POA-SnO 2 nanocomposite shows better LPG sensing properties than that of pure POA. The nanocomposite with 50 wt.% SnO 2 exhibits an excellent LPG sensing characteristics at the operating temperature of 100 C such as higher relative gas response (∼ 23.47% to 3.4% of LPG), extremely rapid response (∼ 6 s), fast recovery (∼ 33 s), good reproducibility, and remarkable selectivity. The application of POA-SnO 2 nanocomposites for fabrication of the LPG sensor was demonstrated."
Dr. Kishor Rambhau Kolhe,qhOPZi4AAAAJ,Predictive maintenance and real time monitoring using iot and cloud computing,2024,"Industrial Revolution 4.0 describes the rapid transformation that industry is going through due to Artificial Intelligence (AI), Machine Learning (ML) and IoT (Internet of Things). Industrial IoT (IIOT) combines traditional industrial processes with modern technology such as sensors, data analytics, and machine learning to optimize and automate processes. Like the Industrial Revolution, IIoT is transforming the way that goods are produced, but with some significant differences. IoT enables machines and devices to communicate with one another in real-time, providing valuable insights into the performance of industrial processes. This allows for predictive maintenance, where machines can be repaired or replaced before they fail, reducing downtime and maintenance costs. OEE (Overall Equipment Efficiency), an industry standard for gauging production efficiency, is raised with the use of predictive maintenance. By …"
Dr. Kishor Rambhau Kolhe,qhOPZi4AAAAJ,A Hybrid Approach towards Improving Performance of Recommender System Using Matrix Factorization Techniques,2020,"In today's digital world of information overload, the recommendation system plays an important role in the decision making of an individual as well as the collective societal level at large scale. The recommendation system is useful for leveraging the power of available data to create a better user experience and incremental revenue for the E-commerce companies. As per statistics from McKinsey about recommendation system gives 35 percent incremental revenue for Amazon, around 75 percent video consumption and 1billion $ saving for Netflix due to recommendations and around 60 percent of views on YouTube come from the leverage of powerful recommendations. This research paper shows, how a hybrid approach is useful to improve the prediction accuracy of the recommender system by using various matrix factorization techniques and regression on given sample data. Using all rating information from a large number of users and movies build a recommendation system that recommends/suggest a movie to concern user."
Dr. Kishor Rambhau Kolhe,qhOPZi4AAAAJ,System to capture WiFi based Drones using IoT,2022,"The Internet of Things (IoT) has emerged as one of the most vital technologies of the twenty-first century in recent years. IoT can be described as the common physical objects that are digitally connected. Things in IoT refers to all the physical objects like sensors that can be used to be embedded with software. A drone is a type of unmanned aerial vehicle. It does not have a human pilot on board, as the name implies. Because of its compact size and lightweight mechanism, it has a lot of potential to carry out tasks that will make our lives easier. Drones may be controlled via different mediums like wifi transmissions and radio frequency signals. In the case of radio frequency drones, the drones are typically controlled via a remote controller, although wifi equipped drones may also be controlled by devices with wifi access, such as smart phones. Due to the qualities of the drone, they have become popular for use in both …"
Dr. Kishor Rambhau Kolhe,qhOPZi4AAAAJ,Smart approach to crawl web interfaces using a two stage framework of crawler,2018,"In present scenario, internet is very important part of our life. User searches a query according to his requirement using internet. There are large numbers of web resources are present on internet as well as its nature is dynamic, so providing better result, relevant to searched query and personalizing the search are the challenging issues in information retrieval. To handle these challenges, we propose a two-stage framework of crawler. In first stage, Smart crawler performs “Reverse searching” that matches user query with the URL of link from site database. In second stage, crawler performs “Incremental prioritizing” that matches the query content with web document. Then according to match frequency crawler classifies relevant and irrelevant pages and rank this page. Proposed crawler performs searching through personalized searching which is based on profession profile of user for searching data in your work …"
Dr. Kishor Rambhau Kolhe,qhOPZi4AAAAJ,Energy efficiency in wireless sensor network using fuzzy rule and tree based routing protocol,2015,"As the wireless sensor network (WSN) is consider, it is the huge network of low-cost micro sensors deploy in the environment. The main challenge in the design of WSN is to improve the lifetime of the network. Various activities are done in the sensor node which consumes lots of energy due to which there is a need to save energy of node. The battery of the node is difficult to recharge in wireless scenarios, due to this problem the energy efficient routing is used to solve these problems. To achieve the aim, we need not only to minimize total energy consumption along with this balance therouting loading WSN. Researchers have proposed many protocols such as LEACH, HEED, PEGASIS, TBC and PEDAP. We are proposing a Fuzzy rule based General Self-Organized Tree-Based Energy-Balance routing protocol (FGSTEB) which is based on the GSTEB, in this work we builds a routing tree for data transmission by …"
Dr. Kishor Rambhau Kolhe,qhOPZi4AAAAJ,A survey on energy efficient hierarchical routing protocol in wireless sensor network,2015,"As the wireless sensor network (WSN) is concerns, it is the huge network of low-cost micro sensors. The fundamental challenge in the design of WSN is to enhance the lifetime of the network. The power consumed due to various kind of data is transmitted from the node (s) to the sink ie BS which limits the network lifetime. The battery of the node is difficult to change, due to this problem the energy efficient routing is used to solve these problems. This paper outlines the advantages and objectives of Hierarchical clustering for WSNs. The comparison made between different hierarchical routing protocols and their behavior in the environment. Important factor to design protocols for WSN is the energy of nodes due to limited power availability. In this literature reviews we study hierarchical routing protocols which are used in wireless sensor networks."
Dr. Kishor Rambhau Kolhe,qhOPZi4AAAAJ,High performance lossless multimedia data compression through improved dictionary,2010,"The advent of modern electronic world has opened up various fronts in multimedia interaction. They are used in various fields for various purposes of education, entertainment, research and many more. This has led to storage and retrieval of multimedia content regularly. But due to limitations of current technology the disk space and the transmission bandwidth fall behind in the race with the requirement of multimedia content. This imposes a need to compress multimedia content so that they can be easily stored requiring lesser space and easily transferred from one point to another. Some online dictionary based compression technique can be applied to reduce the data packet size. When the repetition rate of the same symbols within the data are high the compression techniques works very well. During the process of encoding and decoding, the building of online dictionary in the primary memory ensures the single pass over the data, and the dictionary need not to be transmitted over the network. Our proposed Improved Dictionary technique scans the data byte-wise, so that the chances of repetition of individual symbols are higher for text messages. Fixed length coding transmits fixed length codes for all dictionary entries. For bigger messages better optimization in terms of size reduction can be achieved through variable length coding with LZ technique, where transmitted code length corresponding to individual dictionary entries will vary according to the requirement dynamically."
Dr. Kishor Rambhau Kolhe,qhOPZi4AAAAJ,Automated penetration testing architecture using metasploit and OWASP ZAP for web applications,2024,"This research study introduces an innovative approach to fortify web application security through the utilization of automated penetration testing architecture. While leveraging the robust capabilities of Metasploit Framework and OWASP ZAP, this architecture will empower the organizations to proactively identify and mitigate vulnerabilities within their web applications. Metasploit Framework (a purposely vulnerable virtual machine) serves as a controlled environment for simulating the real-world cyberattacks. Its diverse range of vulnerabilities that spans from common misconfigurations to complex exploits will provide an ideal platform for assessing the resilience of the web applications. OWASP ZAP (a leading open-source security tool) complements this framework with its comprehensive suite of scanning and testing functionalities. By automating the process of vulnerability detection and analysis, OWASP ZAP …"
Dr. Kishor Rambhau Kolhe,qhOPZi4AAAAJ,A comprehensive assessment and review of blockchain integration in online gaming,2024,"This research in Online Gaming examines how blockchain technology and online gaming are convergent, with a particular emphasis on the platform known as “Blocks Gaming.” This research attempts to understand how Blocks Gaming addresses the fundamental problems that players encounter in today’s digital world and look into how blockchain is impacting the online gaming industry.This paper aims to achieve multiple objectives: it will examine the technological foundations of Blocks Gaming, analyse the problems that contemporary gamers face in detail, explore the key features of the platform, and project the company’s future plans. Further, this research aims to shed light on the revolutionary potential of blockchain technology in online gaming. We navigate a fragmented gaming landscape during the process, where users find it difficult to manage multiple accounts across multiple platforms. We investigate the …"
Dr. Kishor Rambhau Kolhe,qhOPZi4AAAAJ,Attack detection in internet of things: A systematic literature review,2022,"As the frequency of security breaches continues to rise, cybersecurity remains a critical concern for every industry in the online. Thousands of zeroday attacks are known to emerge on a regular basis as a consequence of the integration of multiple protocols, primarily from the Internet of Things (IoT). The majority of such attacks are minor variants on previous research findings intrusions. This suggests that even sophisticated techniques like typical machine learning (ML) algorithms have difficulties spotting these tiny kinds of attacks over time. These attacks are called as DDoS attack; they are used to prevent clients from accessing a server or website. DDoS attacks have been employed by cybercriminals to bring down targeted servers and breach venture networks with the ability to overwhelm results. Because of the growing volume and complexity of DDoS attacks, many organizations are having difficulty handling …"
Dr. Kishor Rambhau Kolhe,qhOPZi4AAAAJ,Ensemble of Tree Classifiers for Improved DDoS Attack Detection in the Internet of Things.,2024,"IoT networks are made up of devices that have few computer resources, like less battery life, less processing power, less memory, and most importantly, minimum security, defense mechanisms, and infrastructure to protect them. As the number of IoT devices are growing fast, we can't ignore the impact of large-scale DDoS attacks that come from IoT devices. Artificial intelligence, including Deep Learning and machine learning (ML), is critical in the categorization and detection of DDoS attacks in the Internet of Things. We hope to contribute to current research by enhancing the efficiency with which Intrusion Detection Systems (IDS) identify DDoS attacks. This research paper focuses on exploring the effectiveness of tree-based classifiers and ensemble classifiers. The ensemble approaches used are voting and Stacking with a particular focus on Step Forward Feature Selection and average feature importance …"
Dr. Kishor Rambhau Kolhe,qhOPZi4AAAAJ,IoT-based predictive maintenance using AI/ML: A systematic review,2024,"This paper presents the research on Improvement in OEE for manufacturing industries. The Industrial Revolution was an era of significant technological advancement which begun in the 18th century and transformed the way that goods were produced. The introduction of steam power, mechanization, and mass production led to increased efficiency and productivity, but also had significant social and environmental impacts. Today, we are experiencing another transformation in the way that goods are produced, and services are delivered through the Industrial Internet of Things (IIoT). IIoT combines traditional industrial processes with modern technology such as sensors, data analytics, and machine learning to optimize and automate processes. Like the Industrial Revolution, IIoT is transforming the way that goods are produced, but with some significant differences. The primary focus of IIoT is not just to increase …"
Dr. Kishor Rambhau Kolhe,qhOPZi4AAAAJ,Image security enhancement on cloud storage using AES algorithm,2023,"Image Security is playing a significant role in the field of communication system and Internet. Cryptography is initially developed to protect the interaction between two parties known as sender and receiver in the presence of malicious third parties called as attackers by using the process known as encryption. The given algorithm transforms the plain image into cipher image if the same key is used. The encryption is done by using various algorithm, transformation and many more techniques to secure the image. This article presents a novel image encryption technique. This AES algorithm is incredibly reliable and helps to maintain images safe from malicious attack. The sender has an image, and this image is split into several segments. After the encryption and decryption, the receiver merges those images. In the proposed system, keys will generate manually. This research paper presents an effective method for …"
Dr. Kishor Rambhau Kolhe,qhOPZi4AAAAJ,Vibrational analysis of bicycle chassis,2016,"It is important to recognize that the design of any machine is an interdisciplinary process, involving aerodynamics, thermodynamics, fluid dynamics, stress analysis, vibration analysis, the selection of materials, and the requirements for manufacturing. The operation of any mechanical system will always produce some vibration. Our goal is to minimize the effect of these vibrations, because while it is undesirable, vibration is unavoidable. The result of excess vibration can vary from nuisance disturbance to a catastrophic failure. Bicycle chassis is a major component in a system. This work involves vibration analysis to determine the key characteristics of a bicycle chassis. The dynamic characteristics of bicycle chassis such as the natural frequency and mode shape were determined by using finite element (FE) method. Al material will replace the conventional MS material. Experimental modal analysis was carried out to validate the FE models. Predicted natural frequency and mode shape were validated against the experimental results. Finally, the modification of the updated FE bicycle chassis model was proposed to reduce the vibration, improve the strength and optimize the weight of the bicycle chassis. Tools used are catiaV5 for 3D modelling, Hypermesh for meshing, and Ansys for post processing."
Dr. Kishor Rambhau Kolhe,qhOPZi4AAAAJ,Implementation of QOS in SDN and Distributed Networks for mitigation of DDOS based attacks using Machine Learning,2024,"Distributed Denial Service of Service (DDoS) is very sophisticated attack which brute-force packet jamming to a network to render it useless, if done with large number of nodes. It can be easily countered by a number of techniques such as load balancing, rate limiting and many newer intelligent systems techniques but attackers are continuously developing new techniques to circumvent traditional defense mechanisms. The Sophistication of the attack is determined by current defenses in place and duration of attack. The use of DDoS attack is done on distributed Network traffic by an attacker which might send more traffic than a network card can handle or overwhelm an application with more requests than it can process which might led to not able to add legitimate user to the application With coming of Web 3.0 the DDoS attack grown exponentially , So we are proposing a Machine Learning based traffic filtering …"
Dr. Kishor Rambhau Kolhe,qhOPZi4AAAAJ,Critical Feature Selection (CFS) techniques for early DDoS attack detection in the internet of things environment,2023,"The introduction of the heterogeneous IoT with the distributed denial of service (DDoS) attack is one of the severe security risk that has arisen in the digital world. The severe impact of these massive DDoS attacks has been demonstrated repeatedly by crippling various infrastructures, leading to major losses and compromising the overall accessibility of the digital world. Thus, addressing the risks associated with DDoS attacks has become a critical priority to mitigate their impact on the HetIoT infrastructure. The primary objectives of network security are to secure the sensitive data for the inherent application and to shield the information broadcasted over a network. We, therefore, propose implementation of Critical Feature Selection Technique for Early DDoS Attack detection in the IoT environment. The methods employed for feature selection are Pearson Correlation Coefficient, Information Gain, Random Forest …"
Dr. Kishor Rambhau Kolhe,qhOPZi4AAAAJ,Integrating Automation and Orchestration in Security Incident Handling: A Review of SOAR Frameworks and Platforms,2024,"Traditional manual incident response procedures are no longer sufficient in today’s fast-paced digital environment due to the increasing complexity and frequency of cyber-attacks. Machine learning, automation, and orchestration are all combined in Security Orchestration, Automation, and Response (SOAR) platforms, which have become a potent tool for streamlining and improving incident response processes. In order to automate critical cybersecurity tasks, such as data collecting and analysis and real-time reaction execution, this review paper examines how SOAR systems help. Organizations can gather and compile data from several sources, analyze incidents with sophisticated algorithms, and carry out standardized responses with customizable playbooks by utilizing SOAR systems, which integrate a variety of security solutions. Organizations can improve overall security posture, eliminate human error, and …"
Dr. Kishor Rambhau Kolhe,qhOPZi4AAAAJ,Design and analysis of fabrication threat management in peer-to-peer collaborative location privacy,2021,"Information security reports four types of basic attacks on information. One of the attacks is named as fabrication. Even though mobile devices and applications are showing its maturity in terms of performance, security and ubiquity, location-based applications still faces challenges of quality of service, privacy, integrity, authentication among mobile devices and hence mobile users associated with the devices. There is always a continued fear as how location information of users or IoT appliances is used by third party LB Service providers. Even adversary or malicious attackers get hold of location information in transit or fraudulently hold this information. In this paper, location information fabrication scenarios are presented after knowing basic model of information attacks. Peer-to-Peer broadcast model of location privacy is proposed. This document contains introduction to fabrication, solutions to such threats, management of fabrication mitigation in collaborative or peer to peer location privacy and its cost analysis. There are various infrastructure components in Location Based Services such as Governance Server, Point of interest POI repository, POI service, End users, Intruders etc. Various algorithms are presented and analyzed for fabrication management, integrity, and authentication. Moreover, anti-fabrication mechanism is devised in the presence of trust. Over cost analysis is done for anti-fabrication management due to nature of various cryptographic combinations."
Dr. Pooja Pravin Gundewar,jGiXIiMAAAAJ,A review on an obstacle detection in navigation of visually impaired,2013,"Vision is a beautiful gift to human beings by GOD. Vision allows people to perceive and understand the surrounding world. However a World Health Organisation survey made in 2010, estimated 285.389 million people with visual impairment across the globe. These visually impaired people face the problems of orientation and mobility in an unknown environment. Many efforts have been made to improve their mobility by use of technology. For doing so, a virtual vision is offered using digital image processing."
Dr. Pooja Pravin Gundewar,jGiXIiMAAAAJ,Microstrip patch antenna with DGS for Bluetooth application,2017,"A Compact Microstrip Patch Antenna With Defected Ground Structure (DGS) is proposed for Wirless Applications (Bluetooth). By Inserting E shaped Slot in the gnd of patch to enhance the bandwidth of antenna. Results show that an excellent Bandwidth is achieved with DGS, besides reduction in the antenna size by applying DGS concept. Higher bandwidth is achieved by DGS techniques with adding E shaped Slot to gnd of radiating patch. The different shapes U, I, T & E etc in gnd of patch antenna is analysed to design broadband antenna. This compact antenna fed by insert microstrip feeding to edge of patch. The proposed antenna exhibits a much higher impedance bandwidth (2.38-2.53 GHz) of about 150MHz and also yields return loss better than− 15 dB in the useful range of Bluetooth application. It has been found that this antenna offers higher bandwidth with good radiation properties required for Wireless applications. The proposed antenna possesses a gain of 2.56 dB with the overall size is 60mm* 60mm* 1.6 mm."
Dr. Pooja Pravin Gundewar,jGiXIiMAAAAJ,A real-time color-based object tracking and occlusion handling using ARM cortex-A7,2015,"In computer vision application object tracking is a challenging problem. Illumination and occlusion are major constraints observed in object tracking. We are focusing on object tracking with partial or full occlusion. Object tracking is done using features like colors and contours. We have proposed a robust Color-based algorithm to track the object and handle occlusion in real time domain. In our algorithm, HSV color model is used and HSV range of the color object to be tracked is selected. Required object area is identified and contour is formed accordingly to track the object. Proposed algorithm is implemented on ARM Cortex-A7 using Open Source Computer Vision (OpenCV) and Linux-embedded platform. The experiment is done using generated real life database and standard unusual crowd activity database. Results showed run time performance, efficiency and accuracy in real time environment."
Dr. Pooja Pravin Gundewar,jGiXIiMAAAAJ,Survey on designing of electric vehicle instrument cluster,2018,"Conventional vehicles has been responsible for increasing the pollution levels in entire world. Analysis of climate data has shown that formally stable glaciers have begun to melt which causes rise in sea-level and puts cities near coastline to greater risk of flooding. An environment-friendly substitute for gasoline vehicles is electric vehicles which runs through battery. As some of the control units of electric vehicles vary from gasoline vehicles, instrument cluster development for electric vehicle needs different techniques. There are embedded development boards and microcontrollers developed specifically to serve automobile applications. Also there exists software to develop graphical user interface which can run in embedded boards. This survey paper enlists various techniques in terms of hardware and software which can be implemented to design a digital instrument cluster for electric vehicles."
Dr. Pooja Pravin Gundewar,jGiXIiMAAAAJ,Design of a Microstrip Patch Antenna as a Moisture Sensor,2019,"Determining moisture content correctly in different materials or grains is the need of various industries today. Various techniques are suggested in the literature for sensing moisture contents of different materials. Horn antenna and microstrip antenna are the most commonly used antennas for finding moisture content, because of the noncontact type of measurement of moisture present in the sample. The microwave measuring technique offers a very exact and reliable measurement of the concentration of moisture. In the proposed system microstrip patch antenna at 900 MHz resonant frequency is designed and different materials like sodium carbonate, borax, potassium chloride, and lactose are tested for moisture content. For the fixed quantity of the sample, water content is gradually increased and return loss is measured. It is observed that with the increase in moisture content, return loss decreases."
Dr. Pooja Pravin Gundewar,jGiXIiMAAAAJ,A Review on Smart Campus using IoT,2017,
Dr. Pooja Pravin Gundewar,jGiXIiMAAAAJ,Object Tracking Using Embedded Platform for Video Surveillance,2015,
Dr. Pooja Pravin Gundewar,jGiXIiMAAAAJ,An Algorithm to Estimate Obstacle  Distance for Assistive System of Visually Impaired,2019,
Dr. Pooja Pravin Gundewar,jGiXIiMAAAAJ,Analysis of region based stereo matching algorithms,2014,"Stereo Vision has created an impact on research in the area of computer vision system. It has many applications like 3D scene reconstruction, mobile robotics to detect obstacles, surgical robotics, etc. This paper focuses on various region based algorithms for stereo vision. They are used for generating disparity map. This disparity map is used to find out the distance of the objects in the images from camera. The researchers have implemented these algorithms and their results are compared on the basis of window size and time complexity."
Dr. Pooja Pravin Gundewar,jGiXIiMAAAAJ,Moisture sensor using microstrip patch antenna,2022,"Analyzing the moisture level of the material is one of the crucial parameters in industries such as the production of sugar, cereal grains, food packaging, etc. Investigation of moisture content in any material is important as it will affect its quality. Moisture measurement is carried out in this work, taking sugar as an example. For this, a rectangular patch antenna is designed at 2.4 GHz frequency. The main reason behind the popularity of Microstrip patch antennas in wireless applications is their low profile structure. Backscatter characteristics of the microstrip antenna are sensitive to medium and therefore they are used to measure moisture content. The percentage of moisture in Sugar and Calcium Chloride is measured for different concentrations. Simulation of the antenna is done using HFSS and return loss is measured using Vector Network Analyzer to analyze moisture contents. Very promising results are obtained …"
Dr. Pooja Pravin Gundewar,jGiXIiMAAAAJ,Online detection of subclinical mastitis using electrical conductivity,2017,"Bovine mastitis of a cow causes a huge loss of milk in dairy industries. These losses result in decreased yield of milk products such as cheese, curd. Early detection can lead to complete remedy. There are two types of mastitis: subclinical mastitis and clinical mastitis. Subclinical mastitis is challenging because we cannot see any visible changes by naked eye in the milk or the udder. General detection method for subclinical mastitis is counting somatic cells in milk. The aim of our work is to develop cost-effective solution for early detection of subclinical mastitis. This paper contains method for online detection of subclinical mastitis. Mastitis detection is done by checking electrical conductivity of milk analyzing conductivity with standard reading. Using Internet of Things (IoT), data will be stored and used for diagnosis of mastitis and related treatment will be given to cow."
Dr. Pooja Pravin Gundewar,jGiXIiMAAAAJ,Embedded System Design for 3-phase BLDC motor,2022,
Dr. Pooja Pravin Gundewar,jGiXIiMAAAAJ,MIMO Model Development of the Navigational System of an Underwater   ROV,2022,
Dr. Pooja Pravin Gundewar,jGiXIiMAAAAJ,Development of Prototype for Obstacle Detection for Visually Impaired using Defocus Measure,2020,
Dr. Pooja Pravin Gundewar,jGiXIiMAAAAJ,Classes of Gensets & Controller Designed for Genset Security,2019,
Dr. Pooja Pravin Gundewar,jGiXIiMAAAAJ,SURVEY ON GENSETS & GUIDE FOR GENSET PROTECTION,2019,
Dr. Pooja Pravin Gundewar,jGiXIiMAAAAJ,AUTOMATED PROGRESSED SILO PROCESS INTEGRATED WITH PLC AND SCADA,2019,
Dr. Pooja Pravin Gundewar,jGiXIiMAAAAJ,HARMFUL MATERIAL DISPOSAL SYSTEM,2018,The paper intends to propose a system that will help the personnel in areas deemed dangerous and lifethreatening to eliminate any harmful material that they encounter. The system proposed will be mounted on an unmanned vehicle that will be controlled through a Graphical User Interface (GUI). The system will have a water-jet cutting mechanism that will help to dispose off hazardous and lifethreatening substances. A Global Positioning Sensor (GPS) will help in the localization of the entire system. The system can be further improved by interfacing additional sensors.
Dr. Pooja Pravin Gundewar,jGiXIiMAAAAJ,"A Survey on Abnormality Extraction Detector in Crowd”,",2017,
Dr. Pooja Pravin Gundewar,jGiXIiMAAAAJ,Overlapped Fingerprint Separation for Fingerprint Authentication,2017,
Dr. Deepak Kumar,gYhInD0AAAAJ,Flow around a diamond-section cylinder at low Reynolds numbers,2021,"The steady separated flow past a diamond cylinder at low Reynolds numbers, Re, is associated with diverse separation topologies not resolved for a circular or square cylinder. The present study, conducted for R e≤ 150⁠, also uncovers three unique separation topologies for the time-averaged flow. In this regard, the most striking observation is the formation of a small sub-wake around the base of the cylinder at certain Re between 80 and 90. While two of these structures were previously captured by some recent studies, these studies did not investigate their origin or kinematics. In the present study, conducted via stabilized finite-element computations in two-dimensions, these wake topologies are analyzed in detail. For secondary separation, the pressure at the reattachment point on the cylinder rear surface exceeds the pressure at the corresponding separation point located upstream. In a similar manner, for …"
Dr. Deepak Kumar,gYhInD0AAAAJ,Flow-induced vibrations of a pair of in-line square cylinders,2021,"Flow-induced bidirectional vibrations of two in-line square cylinders of same size and mass ratio (⁠= 10⁠) are analyzed at Reynolds number, Re= 100. The cylinders are located in the co-shedding regime, ie, they are separated by a normalized center-to-center spacing of 5. The reduced speed, U*⁠, is varied from 3 to 15 keeping Re constant. The upstream and downstream cylinders display identical frequency characteristics with U*⁠. Accordingly, the cylinders share identical decomposition of dynamic response. The response is composed of the desynchronization regimes and lower branch; an initial branch does not exist. The vibrations are hysteretic at the lock-in boundaries whereas for a single square oscillator, hysteresis is identified only near the onset of lock-in. Hysteresis in the solutions for U*= 7 within the lower branch is reflected in the wake mode of the rear cylinder whereas for the upstream cylinder …"
Dr. Deepak Kumar,gYhInD0AAAAJ,Steady separated flow around a pair of identical square cylinders in tandem array at low Reynolds numbers,2019,"The steady separated flow past two identical square cylinders in tandem arrangement is studied numerically. For a Reynolds number of 40, flow features are investigated for varied centre-to-centre distance, S between cylinders. The range of normalized spacing, S D is 2–30 where D denotes edge length of cylinders. Based on separation topology, four distinct flow regimes are identified. In regime I, the cylinders are closely spaced and gap between the cylinders is occupied by a pair of eddies and no wake forms behind the upstream cylinder. In regimes I and II, the cylinders are bridged by zero streamlines enveloping the gap flow. Thus, the cylinders along with the enclosed fluid, act as a single obstacle. Regime II forms as a manifestation of the first bifurcation of flow; the twin eddies in the gap split into four vortices. In regime III, the second bifurcation of flow occurs. The gap recirculation with four eddies splits; the first …"
Dr. Deepak Kumar,gYhInD0AAAAJ,Modification of response and suppression of vortex-shedding in vortex-induced vibrations of an elliptic cylinder,2018,"Numerical experiments are performed at a Reynolds number, Re of 100 to explore in two-dimensions, the undamped, transverse-only vortex-induced vibrations of a rigid elliptic cylinder of aspect ratio 0.5. With major axis oriented parallel to the flow, the cylinder behaves as a streamlined object. The mass ratio of the oscillator is 10. Re is based on the length of the major axis. The reduced speed, U* is varied from 1 to 8. The lock-in initiates at U*= 3.5 and is soft in nature. The extent of lock-in gets severely truncated as compared to the one for a bluff oscillator; it spans just over an extremely narrow U* range of 3.5 to 4.2. The onset and closure of lock-in are marked with the oscillation frequency attaining its maximum and minimum, respectively. Streamlining of oscillator eliminates the whole of initial, quasi-periodic lower and desynchronization components of response. The response consists of a fragile periodic lower …"
Dr. Deepak Kumar,gYhInD0AAAAJ,Undamped transverse-only VIV of a diamond cylinder at low Reynolds numbers,2020,"There have been only a few investigations lately to analyze the flow-induced vibrations of a diamond cylinder, ie a square cylinder inclined at 45∘ to the free-stream at low and high Reynolds numbers, R e. However, for transverse vortex-induced motions of diamond cylinders at low R e, features of response branching, mean surface pressure, wake modes and fluid loading are less explored. We investigate numerically at R e= 100, undamped hydroelastic vortex-induced vibrations of a diamond cylinder over a well-resolved U∗ range of 1 to 12. The order of magnitude of the maximum response as well as branching of response of the diamond oscillator are analogous to those of the circular cylinder and depart considerably from the ones of a square cylinder at zero incidence. Interestingly, the mean lift from this nominally symmetric cross-section deviates from zero at U∗ values of 3.5 and 4.2 corresponding to the …"
Dr. Deepak Kumar,gYhInD0AAAAJ,Vortex-induced vibrations of tandem diamond cylinders: A novel lock-in behavior,2023,"This paper presents a comprehensive numerical investigation of the undamped, simultaneous in-line, and transverse flow-induced vibrations of two identical diamond cylinders (of cross-stream length D) in a tandem arrangement at a low Reynolds number (= 100) in uniform flow, using a stabilized space–time finite-element formulation. The study focuses on the effects of cylinder proximity and shape, considering diamond cylinders with a mass ratio of 10 and a separation distance of 5 D and varying the reduced velocity from 1 to 20. The results reveal distinct lock-in behavior for the upstream and downstream cylinders, with a low-frequency extended lock-in phenomenon observed for the downstream cylinder. The motion trajectories of both cylinders exhibit a distinctive “raindrop-shaped” pattern. Notably, the synchronization zone shows a non-zero mean lift for a narrow range of reduced velocity. The study also …"
Dr. Deepak Kumar,gYhInD0AAAAJ,Identification of response branches for oscillators with curved and straight contours executing VIV,2018,"For oscillators with curved contours, variation of cylinder amplitude with Reynolds number or reduced speed is adequate to accurately identify the extent of resonance branches and critical points marking the transition from one branch to another. However, in presence of straight edges in body contour, the response curve at certain locations of transition, exhibits smooth variation. The same is seen with smooth contoured oscillators of low mass ratio, i.e. value of mass ratio being close to unity. The frequency curves, in contrast, reflect all the transitions that are not captured in the response variation. A simple method is proposed to accurately predict the branching and associated transition points with the aid of oscillation and shedding frequency curves. It is noted that the frequency profile undergoes a change of slope at the location of a transition. Using the proposed method, branching is analyzed for elliptic, square …"
Dr. Deepak Kumar,gYhInD0AAAAJ,Understanding the secondary separation from an inclined square cylinder with sharp and rounded trailing edges,2019,"The steady separated flow past a square cylinder at 45 incidence and having a sharp/rounded base is a unique kind of separated flow around a symmetric bluff obstacle. At low Reynolds numbers (Re≈ 6–8), this flow displays diverse features that are not known to be displayed by common symmetric bluff bodies, such as circular/square cylinders at zero incidence. The uniqueness of this flow was first highlighted by Kumar et al.[“Steady separation of flow from an inclined square cylinder with sharp and rounded base,” Comput. Fluids 171, 29–40 (2018)] in their recent numerical investigation concerning the onset of initial separation. They reported detailed flow kinematics resulting from separation of the laminar boundary layer via secondary mode, primary mode, and their combination. In this work, based on stabilized finite-element computations, the fluid dynamic aspects of primary and secondary separation are …"
Dr. Deepak Kumar,gYhInD0AAAAJ,Steady separation of flow from an inclined square cylinder with sharp and rounded base,2018,"Initial separation of laminar boundary layer for steady flow around square cylinders at 45° incidence is investigated numerically using a blockage of 0.05. The cylinder shapes differ solely at the base region where corner rounding of various degrees is provided such that the base point approaches the center of the cylinder as the corner radius continues to increase. The normalized corner radius is varied between 0 and 0.25, in steps of 0.05. A very narrow regime of Reynolds number (Re) bounded by 6 and 8.2 is found to surprisingly accommodate a wide description of flow physics unforeseen in common geometries, i.e. circle, square and ellipse at 0° or 90° incidence, etc. These include secondary (no wake) followed by primary (wake) separation, simultaneous primary and secondary separation, vortex merger, degeneration of half-saddles, dual nature of a singular point, etc. A very interesting vortex structure forms …"
Dr. Deepak Kumar,gYhInD0AAAAJ,Vortex-induced vibrations of an elliptic cylinder of low mass ratio: Identification of new response branches,2020,"The classical resonance branches that construct the response of a freely vibrating circular or elliptic cylinder at low Reynolds numbers, Re, are “initial” and “lower.” The existence of additional response branches, if any at low Re via alteration of controlling parameters, is unavailable in the literature. In this computational work, relating to a low mass ratio (m*= 1) and zero damping, ie, m* ζ= 0 transverse-only vortex-induced vibrations of an elliptic cylinder over Re= 50–180, four response branches that are unreported in the literature are identified. The lock-in at such a low mass ratio is non-classical, and the new response branches are resolved close to the lock-in boundaries. These additional branches are designated as extended initial branch, extended lower branch, terminal branch, and quasi-periodic desynchronization branch. The method proposed by Kumar et al.[“Identification of response branches for …"
Dr. Deepak Kumar,gYhInD0AAAAJ,Ozone (O3) generation and its applications: A review,2023,"With the spread of pathogens like SARS-CoV-2, the urge for ergonomic disinfection techniques regained momentum. Ozone is a proven oxidizing agent that leaves no harmful residue after oxidation. Due to its green and cost-effective attributes, it is widely used for various industrial and domestic treatment/disinfection applications. In this paper, three mainstream Ozone generation methods i.e. (i) electrochemical method, (ii) ultraviolet ray method, and (iii) plasma discharge method are reviewed. The first step in Ozone generation involves the decomposition of molecular Oxygen into atomic Oxygen that requires the energy of certain intensity. This requirement of energy is fulfilled using Platinum coated PbO2 electrode, UV ray lamps with a certain range of wavelengths, and secondary streamers in plasma arc, respectively. In addition to the generation methods, various application of Ozone in wastewater treatment, fish …"
Dr. Deepak Kumar,gYhInD0AAAAJ,Simultaneous streamwise and cross-stream oscillations of a diamond oscillator at low Reynolds numbers,2022,"A two-dimensional stabilized space-time finite-element-based in-house solver is used to explore flow around an elastically mounted rigid diamond oscillator undergoing undamped vortex-induced vibrations in transverse and stream-wise directions simultaneously. The computations are carried over a reduced velocity (⁠ U*⁠) range of 1–12 keeping the Reynolds number (Re) and the mass ratio (⁠ m*⁠) fixed at 100 and 10, respectively. In the current investigation, a five-branch response behavior with the presence of an “upper branch” is identified, which is absent for transverse-only oscillations. A shift in normalized time-averaged phase difference (⁠ ϕ/π⁠) from 0 to 1 is related to the transition from the upper to the lower branch. The non-dimensional oscillation frequencies in both streamwise and cross-stream directions (F x and F y, respectively) collapse on the upper branch, matching the oscillator's non …"
Dr. Deepak Kumar,gYhInD0AAAAJ,Exploring kinematic stability of vortex structures: A topological approach to fluid flow around staggered square cylinders,2024,"In this study, a detailed fluid dynamics analysis is conducted around two identical square cylinders in a staggered configuration at a Reynolds number (Re) of 40, using a stabilized finite-element method to investigate the kinematic stability of vortex structures. By varying the horizontal spacing (S/D) between 2 and 30 and examining transverse gaps (T/D) of 0.25, 0.8, and 1.25, the research uncovers significant flow behavior variations from the tandem configuration, highlighting complex fluid-structure interactions. The presence of “separation bubbles” at lower S/D values across all T/D ratios indicates the dynamic impact of the upstream cylinder's proximity on the flow field, particularly on the stagnation points of the downstream cylinder. Through a comprehensive topological analysis, the study identifies various flow regimes and topological bifurcations, revealing transitions between stable states that maintain the …"
Dr. Deepak Kumar,gYhInD0AAAAJ,Steady flow past two square cylinders in tandem,2020,"In the present work, two-dimensional, incompressible steady flow around a pair of identical square cylinders in tandem arrangement is studied numerically using stabilized finite-element formulation. Reynolds number (Re), based on free stream speed and cross-flow width of the cylinder, is fixed at 40. The spacing ratio (S/D) is the ratio of distance between the center of cylinders to the cross-flow dimension of the cylinder which is varied from 2 to 10. Three distinct flow patterns are identified for the given range of S/D. With increase in S/D, the wake interaction between both the cylinders weakens and both cylinders form separate closed wakes for S/D ≥ 6. Interestingly, a weak recirculation zone other than the closed wake structure of both the cylinders is found near the forward stagnation point of downstream cylinder in the gap region. This recirculation zone disappears with a marginal change in the spacing ratio. As S …"
Dr. Deepak Kumar,gYhInD0AAAAJ,Highly Confined Flow Past a Stationary Square Cylinder,2019,"Present work explores a numerical study based on Finite-Element Method for fluid flow past a stationary square cylinder placed symmetrically in the channel with high Blockage, B = 0.9. Reynolds Number (Re) progressively varied from 5 to 150 in the laminar region. An attention has been paid to capture the exact point of laminar flow separation on the surface of the cylinder and the separation Re for high blockage flow. The steady to unsteady flow transition is observed at a Re (Rec) of 62. A very high drag coefficient, order of magnitude = 103 is reported for the computation. Inconsistency with unbounded flow solutions, the wake bubble for 90% blockage cylinder shows nonlinear variation with Re in the steady flow regime. In a very narrow regime near the beginning of unsteadiness, the flow is found to be quasi-periodic whereas, for all remaining Reynolds number values considered for the present study …"
Dr. Deepak Kumar,gYhInD0AAAAJ,Unraveling Vortex Interactions in Vibrating Tandem Diamond Cylinders,2024,"The complex vortex-induced vibrations (VIV) dynamics of tandem diamond cylinders of equal mass ratio (= 10) at Reynolds number (= 100) and reduced velocity between 1 and 12 using a two-dimensional, stabilized space-time finiteelement computation is investigated. The study unveils the profound influence of vortex-shedding on various aspects of VIV, including vibration amplitude and vortex-shedding pattern. Three distinct vortex modes were identified in the gap region between the cylinders, each influencing the oscillation amplitude of the downstream cylinder differently. The oscillation amplitude of the downstream cylinder varied with the upstream cylinder's vortex shedding dynamics: merging vortices in the gap region reduced the amplitude, while increased upstream oscillations, leading to more shed vortices, enhanced it. Further downstream, vortex coalescence in the far wake was observed only at select …"
Dr. Deepak Kumar,gYhInD0AAAAJ,Energy harvesting potential of a diamond-shaped oscillator in FIV environment,2023,"Using stabilized finite-element-based in-house solver, a diamond cylinder of unity mass ratio is allowed to vibrate freely in cross-stream direction at a fixed Reynolds number of 100. The reduced speed (U*) is varied between 1 and 17 and the blockage is 5%. Under similar flow conditions, the maximum displacement of the diamond oscillator in the present study is 98.4% times closer to displacement of an oscillator with circular cross-section. The oscillator is in the state of ‘infinite lock-in’ and has high amplitude oscillations for all U* ≥ 2.5. The structure is mostly exposed to periodic fluid loading except at U* = 2, where it is quasi-periodic. The cylinder wake is asymmetric on the ‘humped’ region of the response curve. The work transfer is positive for in-phase lift and displacement signals while it is negative for the out-of-phase situation."
Dr. Deepak Kumar,gYhInD0AAAAJ,New response branch for undamped 2-dof viv of a diamond oscillator,2022,"Undamped simultaneous in-line and transverse oscillations of a rigid diamond cylinder is inves tigated numerically at a Reynolds number of 100. A stabilised space-time finite-element method has been used to discretise the governing incompressible fluid flow equations in two dimen sions. The non-dimensional displacement and oscillation frequency of the diamond oscillator is compared with the corresponding response and frequency data of the same oscillator executing undamped transverse-only vibrations. From the frequency and response plots, it is established that the response curve of the present study consists of the following response branches: first and second desynchronisation regimes (DS I &and DS II), initial branch (IB) and lower branch (LB). A novel and previously unreported response branch, ELB connecting LB and DS II branches has been obtained for a vibrating diamond cylinder. The …"
Dr. Deepak Kumar,gYhInD0AAAAJ,Wake-Induced Oscillations of Two Cylinders in Tandem at Low Mass Ratio,2017,"The flow around two cylinders in tandem and the response of the downstream cylinder is numerically investigated. The upstream cylinder is fixed whereas the downstream cylinder is free to vibrate in the transverse direction only. The numerical simulations are carried for different values of reduced speeds, ranging from 1 to 8 while the Reynolds number remains fixed at Re= 100. The blockage in the computational domain is taken as 2% and the mass ratio is unity. The non-dimensional gap-size between the centers of the two cylinders is taken to be 5 so that the downstream cylinder lies in the wake-interference zone. For the solutions, the governing equations are discretized with the aid of Finite Element Method (FEM) and the computation process is carried out using the Generalized Minimal RESidual (GMRES) iterative solver. The vortex shed from the upstream cylinder combines with the respective vortex of the downstream cylinder thereby adding to its strength. The flow remains periodic for the values of reduced velocity in the range of 1 to 8, and exhibits quasi-periodic characteristics as the reduced velocity is further increased to 8."
Dr. Deepak Kumar,gYhInD0AAAAJ,Wake-Induced Vibrations of Tandem Circular Cylinders of Different Diameters,2017,"Wake-induced vibrations (WIV) of two circular cylinders in tandem arrangement of different diameters (larger downstream cylinder) has been analyzed in the present work. The ratio of the diameter of first cylinder to that of the second cylinder (D 1/D 2) is kept constant at 0.8. The cylinder centers are separated by a distance S (= 5D 1). The computations were carried out at Reynolds number (Re)= 100 over a range of reduced speed (U*). The fluid was assumed to be incompressible and flow to be two-dimensional. The flow equations were discretized using stabilized finite-element method and solved iteratively by Generalized Minimal RESidual (GMRES) technique. In the present work, the upstream cylinder is kept stationary while the downstream cylinder is allowed to traverse only across the flow. The observations focus the response, aerodynamic coefficients and flow features."
Dr. Nitin Namdeo Pise,NXZ627gAAAAJ,Computer aided melanoma skin cancer detection using image processing,2015,"In recent days, skin cancer is seen as one of the most Hazardous form of the Cancers found in Humans. Skin cancer is found in various types such as Melanoma, Basal and Squamous cell Carcinoma among which Melanoma is the most unpredictable. The detection of Melanoma cancer in early stage can be helpful to cure it. Computer vision can play important role in Medical Image Diagnosis and it has been proved by many existing systems. In this paper, we present a computer aided method for the detection of Melanoma Skin Cancer using Image Processing tools. The input to the system is the skin lesion image and then by applying novel image processing techniques, it analyses it to conclude about the presence of skin cancer. The Lesion Image analysis tools checks for the various Melanoma parameters Like Asymmetry, Border, Colour, Diameter,(ABCD) etc. by texture, size and shape analysis for image …"
Dr. Nitin Namdeo Pise,NXZ627gAAAAJ,Clustering techniques and the similarity measures used in clustering: A survey,2016,"Clustering is an unsupervised learning technique which aims at grouping a set of objects into clusters so that objects in the same clusters should be similar as possible, whereas objects in one cluster should be as dissimilar as possible from objects in other clusters. Cluster analysis aims to group a collection of patterns into clusters based on similarity. A typical clustering technique uses a similarity function for comparing various data items. This paper covers the survey of various clustering techniques, the current similarity measures based on distance based clustering, explains the limitations associated with the existing clustering techniques and propose that the combination of the advantages of the existing systems can help overcome the limitations of the existing systems."
Dr. Nitin Namdeo Pise,NXZ627gAAAAJ,A survey of semi-supervised learning methods,2008,"In traditional machine learning approaches to classification, one uses only a labelled set to train the classifier. Labelled instances however are often difficult, expensive, or time consuming to obtain, as they require the efforts of experienced human annotators. Meanwhile unlabeled data may be relatively easy to collect, but there has been few ways to use them. Semi-supervised learning addresses this problem by using large amount of unlabeled data, together with the labelled data, to build better classifiers. Because semi-supervised learning requires less human effort and gives higher accuracy, it is of great interest both in theory and in practice. The paper discusses various important approaches to semi-supervised learning such as self-training, co-training(CO), expectation maximization (EM), CO-EM, Then how graph-based methods are useful is explained. All semi-supervised learning methods are classified into …"
Dr. Nitin Namdeo Pise,NXZ627gAAAAJ,Algorithm selection for classification problems,2016,"A number of algorithms are available in the areas of data mining, machine learning and pattern recognition for solving the same kind of problem. But there is a little guidance for suggesting algorithm to use which gives best results for the problem at hand. This paper shows an approach for solving this problem using meta-learning. The paper uses three types of data characteristics. Simple, information theoretic, and statistical data characteristics are used. Results are generated using nine different algorithms on thirty eight benchmark datasets from UCI repository. The proposed approach uses K-nearest neighbor algorithm for suggesting the suitable algorithm. Classifier accuracy is taken as a basis for recommending the algorithm. By using meta-learning, accurate method can be recommended as per the given data, and cognitive overload for applying each method, comparing with other methods and then selecting …"
Dr. Nitin Namdeo Pise,NXZ627gAAAAJ,Analysis of Loan Availability using Machine Learning Techniques,2021,"In the banking system, banks have a variety of products to provide, but credit lines are their primary source of revenue. As a result, they will profit from the interest earned on the loans they make. Loans, or whether customers repay or default on their loans, affect a bank's profit or loss. The bank's Non-Performing Assets will be reduced by forecasting loan defaulters. As a result, further investigation into this occurrence is essential. Because precise forecasts are essential for benefit maximisation, it's crucial to analyse and compare the various methodologies. The logistic regression model is an important predictive analytics tool for detecting loan defaulters. In order to assess and forecast, data from Kaggle is acquired. Logistic Regression models were used to calculate the various performance indicators. The models are compared using performance metrics like sensitivity and specificity. In addition to checking account details (which indicate a customer's wealth), the model is significantly better because it includes variables (customer personal attributes such as age, objective, credit score, credit amount, credit period, and so on) that should be considered when correctly calculating the probability of loan default. As a result, using a logistic regression approach, the appropriate clients to target for loan issuance can be easily identified by evaluating their plausibility of loan default. The model implies that a bank should assess a creditor's other attributes, which play a critical role in credit decisions and forecasting loan defaulters, in addition to giving loans to wealthy borrowers."
Dr. Nitin Namdeo Pise,NXZ627gAAAAJ,Meta-learning with landmarking: A survey,2014,"Everyday large amount of data is generated. Data mining is a technique that extracts significant information from raw data using different classifiers. Meta-learning is machine learning technique that supports data mining for choosing appropriate classifier. Instead of whole data set, meta-learning extracts features from meta-data. So, it is important to identify the best suitable classifier based on meta-features. Landmarking is uncommon meta-feature extraction technique present in metalearning. Instead of statistical measurement landmarking tries to determine position of training data in the areas of problem learning by directly measuring the performance of some simple and significant learning algorithms themselves. This paper is a survey of presented approach in landmarking area. A few research challenges are mentioned at the end of this paper."
Dr. Nitin Namdeo Pise,NXZ627gAAAAJ,Political Sentiment Assessment through Social Media,2018,"The world wide web including social sites, blogs, forums etc. generate a huge amount of data in the form of views, emotions, opinions and arguments regarding different products, social activities, brands and politics. This has prompted increasing interests in analytical domain. Thus, all these comments have a great influence on readers, vendors & politicians. In political domain, political parties and other experts make use of facebook, twitter and blogs to communicate with the people and to check voice of public. Hence, an appropriate model which gives correct analysis and results about peoples’ sentiments related to political parties and political diplomats is built. Data is captured from social media sites and pre-processing is carried out. Word2vec model is used for word embedding process. For final evaluation neural network is used. After detailed study and comparison efficient neural network model is chosen and …"
Dr. Nitin Namdeo Pise,NXZ627gAAAAJ,A new approach for handling imbalanced dataset using ANN and genetic algorithm,2016,"Classification of imbalance data is the major challenge to the community these days. Machine learning algorithms can evolve a one-sided classifier when data is imbalance. The vital challenge in imbalance dataset problem is that sometimes the minority (tiny) classes are more useful, but standard classifiers tend to be biased toward the majority (huge) classes and ignore the tiny ones. In this paper we compared the existing methods to handle imbalance dataset and provide a new hybrid approach which will improve the accuracy of classifier on imbalanced data."
Dr. Nitin Namdeo Pise,NXZ627gAAAAJ,Blockchain based trusted secure philanthropy platform: Crypto-GoCharity,2022,"Blockchain is one of the significant innovations and a disruptive technology. It is becoming a primary choice for solving many problems in the field of data security. Blockchain technology is also gaining popularity in the domain of crowdfunding and philanthropy. The paper describes the flaws in the charitable giving ecosystem and how blockchain can be used to address these issues through the use of blockchain building blocks such as distributed ledger technology, smart contracts, and cryptography. Through distributed ledger technology, the entire ledger copy is shared with all nodes in the blockchain, bringing transparency to the charity ecosystem. The immutability of the ledger transaction records ensures tamper resistance and fosters trust in the ecosystem. Cryptography also makes transactions more secure. The study aims to address the issue of charity donation monitoring in the philanthropic sector by …"
Dr. Nitin Namdeo Pise,NXZ627gAAAAJ,CryptoScholarChain: Revolutionizing Scholarship Management Framework with Blockchain Technology,2023,"Scholarship management is a crucial aspect of higher education systems, aimed at supporting deserving students and reducing financial barriers. However, traditional scholarship management processes often suffer from challenges such as a lack of transparency, inefficient communication, and difficulty tracking and verifying scholarship applications. Recently, Blockchain technology has emerged as a potential solution to address these issues, offering a decentralized, transparent, and secure framework for scholarship management. Blockchain technology has emerged as a promising solution to address the challenges faced in scholarship management. However, existing literature lacks comprehensive solutions in critical areas such as scholarship management, storage facilities, payment systems, monitoring and auditing, and experimental validation. This research introduces an innovative smart scholarship management system leveraging Blockchain technology to overcome these limitations. The research presents an Ethereum-based implementation utilizing Solidity for backend smart contracts and ReactJS for the front end. Experimental evaluation validates the transaction execution gas costs and deployment cost."
Dr. Nitin Namdeo Pise,NXZ627gAAAAJ,Different Methods Review for Speech to Text and Text to Speech Conversion,2021,"In the instant corporation, transmission is the primary fundamental to momentum. Transitory information, to the correct person with the correct aspect is very essential, not just on an industry level, but also on an individual position. Nature is inspiring in the direction of digitization and the mechanisms of intercommunication. Telephone calling, emails, text memorandums belong to a fundamental element of signal communication in this tech-intellect nature. In procedures to distribute the intention of adequate transmission intervening two endpoints without obstacles, numerous utilizations have shown up the impression, which operates as an intermediary and helps in efficiently transmitting signals in the scheme of text or speech messages accomplished huge structure of webs. Most of these implementations discover the Usage of tasks essentially articulatory and acoustic-positioned speech recognition, reorganization from audio messages to text, and then text to artificial speech signals, vocabulary interpretation amidst individual leftovers. Researchers will be penetrating distinct algorithms and techniques that are enforced to obtain the specified utilitarian."
Dr. Nitin Namdeo Pise,NXZ627gAAAAJ,Gender classification and age estimation using neural networks: a survey,2020,"Researchers have shown more interest in soft biometrics area to fill the commination gaps between humans and machines with the growth of real-world application has increased day to day life. Soft-biometric consists of age, gender, ethnicity, height, facial measurements and etc. This paper contains a detail discussion about the contribution of the researchers in the area of gender classification and age estimation using neural networking. Most of the work is done using Convolutional neural networks and auto encoders. Various elements related to neural network model such as dataset, findings, calculative metrics and results are embraced for effortless interpretation of tabular correlation research. Finally, the authors summarize germane tasks for future various research aspects."
Dr. Nitin Namdeo Pise,NXZ627gAAAAJ,Securing decentralized storage in blockchain: A hybrid cryptographic framework,2024,"The evolution of decentralized storage, propelled by blockchain advancements, has revolutionized data management. This paper focuses on content security in the InterPlanetary File System (IPFS), a leading decentralized storage network lacking inherent content encryption. To address this vulnerability, we propose a novel hybrid cryptographic algorithm, merging AES 128-bit encryption with Elliptic Curve Cryptography (ECC) key generation. The algorithm includes ECC key pairs, random IV generation, and content/AES key encryption using ECC public keys. Benchmarking against standard AES 256-bit methods shows a significant 20% acceleration in encryption speed and a 16% increase in decryption efficiency, affirming practicality for enhancing IPFS content security. This research contributes to securing decentralized storage and provides a performance-driven solution. The promising results highlight the viability of the proposed approach, advancing understanding and mitigating security concerns in IPFS and similar systems."
Dr. Nitin Namdeo Pise,NXZ627gAAAAJ,Solving cyber security challenges using big data,2016,Cybersecurity has become a Big Data problem as the size and complexity of security related data has grown too big to be handled by traditional security tools. In this paper the authors have described the categories of cybersecurity threats and challenges posed by them. They have analyzed how big data tools and concepts are being used to solve these challenges and detect and prevent attacks real-time.
Dr. Nitin Namdeo Pise,NXZ627gAAAAJ,An experimental study on hypothyroid using rotation forest,2014,"This paper majorly focuses on hypothyroid medical diseases caused by underactive thyroid glands. The dataset used for the study on hypothyroid is taken from UCI repository. Classification of this thyroid disease is a considerable task. An experimental study is carried out using rotation forest using features selection methods to achieve better accuracy. An important step to gain good accuracy is a pre-processing step, thus here two feature selection techniques are used. A filter method, Correlation features subset selection and wrappers method has helped in removing irrelevant as well as useless features from the data set. Fourteen different machine learning algorithms were tested on hypothyroid data set using rotation forest which successfully turned out giving positively improved results."
Dr. Nitin Namdeo Pise,NXZ627gAAAAJ,Survey of Available Datasets for Designing Task Oriented Dialogue Agents,2020,
Dr. Nitin Namdeo Pise,NXZ627gAAAAJ,Sentiment Analysis Methods and Approach: Survey,2017,"Nowadays, social media present a valuable source for business decision support and Data Analytics is widely used in many industries and organization to make a better Business decision. By applying analytics to the data the enterprises brings a great change in their way of planning and decision making. Sentiment analysis or opinion mining plays a significant role in our daily decision making process. These decisions may range from purchasing a product such as mobile phone to reviewing the movie to making investments all the decisions will have a huge impact on the daily life. Sentiment Analysis or Opinion analysis is performed to identify the opinion of peoples. It can be performed using Lexicon Based approach or Machine Learning based approach. Some methods are still not efficient in extracting the sentiment features from the given content of text. Naive Bayes, Support Vector Machine are the machine learning algorithms used for sentiment analysis which has only a limited sentiment classification category ranging between positive and negative. Even though the advancement in sentiment Analysis technique there are various issues still to be noticed and make the analysis not accurately and efficiently. So this paper presents the survey on various sentiment Analysis methodologies and approaches. This will be helpful to earn clear knowledge about sentiment analysis methodologies."
Dr. Nitin Namdeo Pise,NXZ627gAAAAJ,Efficient Gabor Filter Using Vedic Mathematic for High Speed Convolution in Skin Cancer Detection,2015,
Dr. Nitin Namdeo Pise,NXZ627gAAAAJ,Evolving learners’ behavior in data mining,2017,"An evaluation and choice of learning algorithms is a current research area in data mining, artificial intelligence and pattern recognition, etc. Supervised learning is one of the tasks most frequently used in data mining. There are several learning algorithms available in machine learning field and new algorithms are being added in machine learning literature. There is a need for selecting the best suitable learning algorithm for a given data. With the information explosion of different learning algorithms and the changing data scenarios, there is a need of smart learning system. The paper shows one approach where past experiences learned are used to suggest the best suitable learner using 3 meta-features namely simple, statistical and information theoretic features. The system tests 38 UCI benchmark datasets from various domains using nine classifiers from various categories. It is observed that for 29 datasets, i.e …"
Dr. Nitin Namdeo Pise,NXZ627gAAAAJ,Scholar block: enhancing corporate social responsibility through a blockchain-based scholarship system,2023,"Philanthropic sector is currently facing a growing demand for heightened transparency and accountability. Blockchain technology offers substantial potential to transform the management of donations by leveraging the capabilities of permissioned blockchain networks. The platform is designed to establish transparency, traceability, and security in philanthropic transactions. Furthermore, a case study is presented that exemplifies the real-world application of this platform, focusing on the allocation of significant resources by corporate industries in alignment with the Corporate Social Responsibility (CSR) Clause. Implementing a donation platform based on Hyperledger technology can result in reduced operational costs and streamlined resource allocation, thereby enhancing efficiency within the philanthropic sector."
Dr. Manisha Ravikumar Kowdiki,6wKmjqwAAAAJ,Automatic hand gesture recognition using hybrid meta-heuristic-based feature selection and classification with dynamic time warping,2021,"Of late, the research world has been vigorously involved in, inventing strategy and techniques to improve the spontaneity of Human Computer Interaction (HCI). Gesture recognition is one of the most probable techniques in this area. The eventual aim here is to introduce an intelligent system for hand gesture recognition in both static and dynamic area, which is still a challenging point due to the lag of valuable beneficial methods. The main intent of this paper is to implement an efficient hand gesture recognition model considering both static and dynamic datasets for Indian Sign Languages (ISL). In static type, images are taken for processing, whereas video frames are used for processing the dynamic type. The proposed recognition model involves five main steps “(a) Image pre-processing, (b) gesture segmentation, (c) Feature extraction, (d) Optimal Feature Selection, and (e) Recognition”. In the pre-processing …"
Dr. Manisha Ravikumar Kowdiki,6wKmjqwAAAAJ,Adaptive hough transform with optimized deep learning followed by dynamic time warping for hand gesture recognition,2022,"Hand gesture is a natural interaction method, and hand gesture recognition is familiar in human–computer interaction. Yet, the variations, as well as the complexity of hand gestures such as self-structural characteristics, views, and illuminations, made hand gesture recognition as a challenging task. Nowadays, the human–computer interaction area enhancement leads to putting interest in the dynamic hand gesture segmentation based on the gesture recognition system. Apart from the lengthy clinical success, dynamic hand gesture segmentation through webcam vision seems challenging due to the light effects, partial occlusion, and complicated environment. Hence, to segment the entire hand gesture region and enhance the segmentation accuracy, this paper develops an improved segmentation and deep learning-based strategy for dynamic hand gesture recognition. The data is gathered from the ISL benchmark …"
Dr. Manisha Ravikumar Kowdiki,6wKmjqwAAAAJ,An attention-based swin u-net-based segmentation and hybrid deep learning based diabetic retinopathy classification framework using fundus images,2023,"Diabetes mellitus frequently occurs with diabetic retinopathy (DR), which results in lesions mostly in the retinas that damages the vision. Earlier DR identification and treatment can deeply lower the threat of visual loss. Compared to computer-aided diagnosis methods, the manual diagnosing of DR by ophthalmologists using fundus images of the retina leads to high-cost consumption, time consuming, and more effort. This study employs an attention-based deep learning framework for classifying DR using fundus images, and the severity level is estimated to provide better treatment. The required fundus images are obtained through real-world benchmark datasets. Then, the attained images are pre-processed to remove unnecessary distortions in the images. Subsequently, the resultant pre-processed image is sent through the attention-based swin U-net for segmentation, where the affected diseased part is clearly …"
Dr. Manisha Ravikumar Kowdiki,6wKmjqwAAAAJ,Enhanced nature-inspired algorithm-based hybrid deep learning for character recognition in Sanskrit language,2023,"Sanskrit is an ancient Indian language used in Buddhism, Jainism, and Hinduism, with a history of 3500 years old. Recognizing Sanskrit characters is still challenging due to the complexity of scripts, similar shapes for characters, and excessive symbols. Devanagari script belongs to the genre of Sanskrit language. Various techniques are implemented to recognize the characters in printed documents. The context in such natural images depicts a flexible appearance in an unconstrained environment which makes the text identification and character recognition process becomes more complex. Some factors like background complexity, orientation and size, lighting conditions, and text fonts become more challenging. The utilization of deep learning models is the best choice for solving the issues in recognition and classification processes. In this work, a new image pre-processing model is designed with the I-BOA …"
Dr. Manisha Ravikumar Kowdiki,6wKmjqwAAAAJ,Algorithmic analysis on deer hunting-based grey wolf for dynamic time wrapping-based hand gesture recognition,2022,"Nowadays, dynamic hand gesture recognition has become a complicated work in the recognition of pattern and the communities with consideration of computer vision. This paper tempts to frame an algorithmic analysis on proposed “static and dynamic-oriented hand gesture recognition”. Moreover, the recognition of static and dynamic models is improved by Dynamic Time Warping (DTW) model. In the phase called pre-processing, “grey scale conversion and histogram equalization” is used, whereas, in segmentation, “Active Contour model, and canny edge detection” is employed. Moreover, the significant features are extracted depending on the “Histogram of Oriented Gradients (HOG), and Edge Oriented Histogram (EOH)”, and the feature dimension is reduced by Principle Component Analysis (PCA). The optimal feature selection technique is adopted by the novel “Deer Hunting-based Grey Wolf Optimization (DH …"
Dr. Manisha Ravikumar Kowdiki,6wKmjqwAAAAJ,Morphological based dynamic hand gesture recognition for Indian sign language,2018,"Kinesics has a decisive role for the mute and deaf for inter personal communication. It necessitates body postures, face expressions and movement of hands Due to the diversity of population, each region has genus of sign language based on its individual rule of grammar. The objective is to manufacture a dynamic gesture of hand identification artifice for Indian kinesics using morphological algorithms. The pithy frames are extricated from the captured video for feature extrication and the interpretation of the sign is displayed on the screen in text format."
Dr. Manisha Ravikumar Kowdiki,6wKmjqwAAAAJ,Adaptive deep CNN: an effective Alzheimer’s affected MRI image registration using heuristic-aided deep learning model and patch-based level fusion,2025,"Aligning multiple images is referred to as image registration. Image registration methods aim to find the best adjustment to align the important elements in the images.Registering techniques can be modified to fit specific objectives by balancing rapidity with precision. Magnetic Resonance Imaging (MRI) methods are becoming increasingly significant in Alzheimer’s Disease (AD) in themedical sector. Several intriguing applications for machine learning approaches in clinical imaging exist, including the recognition of AD using MRI scans of the brain. Numerous preprocessing procedures, such as image registration, are often performed on these scans. However, the impact of registration of image approaches on machine learning classification effectiveness is little understood. To address these challenges, a new deep learning approach is suggested for registering images ofAD using MRI images. Originally, the images …"
Dr. Manisha Ravikumar Kowdiki,6wKmjqwAAAAJ,A SELF-DRIVEN ACTION TAKING ROBOT INTEGRATED WITH A MULTIPURPOSE DRONE,2024,
Dr. Manisha Ravikumar Kowdiki,6wKmjqwAAAAJ,Machine Learning-Based Predictive Modeling for Diabetes and Anemia Disease,2023,"This study will investigate various machine learning algorithms to find one that increases the accuracy of predictions for blood-related illnesses such as diabetic and anemia. The research develops a prediction model based on results from blood tests to properly diagnose blood diseases like anemia and diabetes. It provides an easy-to-use Graphic User Interface (GUI) program that decreases the likelihood of Hospital Acquired Infection (HAI) and streamlines the procedure of diagnosing diabetes and anemia, hence increasing the efficiency and accessibility of medical care. In this work, numerous modules written in Python are utilized to test various machine learning techniques to improve the accuracy of predictions for anemia and diabetes. Furthermore, this study offers consumers an advantageous method for addressing and identifying these diseases. Patients can considerably benefit from early detection of both …"
Dr. Manisha Ravikumar Kowdiki,6wKmjqwAAAAJ,Real-Time Voice Enabled Drivers' Safety Monitoring System Using Image Processing,2022,"Accidents and road crashes occurring due to dissociation of driver from his consciousness is one of the hot topics researchers have been contemplating to curtail, from the past few years. This dissociation wanes the driver's ability to concentrate on the road while driving and promotes occurrence of mishaps. There has been a challenge to non-intrusively detect drowsiness and fatigue-level of drivers in real-time environments and concomitantly make it computationally faster and less complex. The paper proposes a faster real-time driver inactiveness detection system capable of alerting drivers of their drowsiness by inspecting and scrutinizing the state of eyes and mouth and follows a non-obtrusive approach. The system utilizes eyes to monitor the drooping nature of eyes and examines the mouth's current state to detect any yawning activity performed. Initially, it uses Haar transform to extract facial features and …"
Dr. Manisha Ravikumar Kowdiki,6wKmjqwAAAAJ,"AI-BASED CROP IDENTIFICATION, DISEASE RECOGNITION AND PESTICIDE SUGGESTION",2021,
Dr. Malhari Bhimrao Kulkarni,yRtGG1YAAAAJ,Social media usage: A comparison between Generation Y and Generation Z in India,2023,"Social media is an important part of young generations' digital lives and has become much more than a social connection tool. This research offers comprehensions into usage of social media among Gen Y and Gen Z and investigates the usage of social media's features such as socialization, information, entertainment, education, and shopping. Various previous studies are available which attempted to investigate the usage of social media by Gen Z and Gen Y independently. This study is the first that attempted to compare the usage between Gen Z and Gen Y. This is an empirical study comprising 293 respondents from Gen Y and Gen Z, who were selected purposively. The findings suggest that Gen Z use social media more than Gen Y for education, entertainment, shopping, and socialization whereas social media usage of both the generations for information seeking are equal. This study offers recommendations …"
Dr. Malhari Bhimrao Kulkarni,yRtGG1YAAAAJ,Strategic waste management practices for environmental sustainability–a case of Indian university,2025,"Individuals generate plenty of waste that is affecting the life while consumption of air and water at the base. The increasing industrialization, population and waste generation without proper measures of waste management are leading to major challenges to environmental sustainability. Considering these challenges, the present study focuses on the types and sources of waste generation and waste reduction by encouraging the reduction, recycling and reuse of waste products. The study aims to provide a well-functioning sustainable waste management system, that incorporates feedback loops, focuses on processes, embodies adaptability and diverts waste from disposal.The university under study is situated at the central location of Pune City in India. The university has diverse units like academic and admin buildings, canteens and mess …"
Dr. Malhari Bhimrao Kulkarni,yRtGG1YAAAAJ,Metaverse: A Conceptual Study on the Implications for Employer Branding for Gen Z.,2024,"Purpose The main purpose of this conceptual study is to explore the prospective implications of the Metaverse on employer branding strategies, with a specific focus on attracting and retaining Generation Z employees entering the workforce. This paper investigates the potential avenues for integrating employer branding within the Metaverse while addressing the anticipated challenges associated with leveraging the Metaverse for employer branding initiatives for Gen Z employees. Design/Methodology/Approach The current study is a conceptual understanding of the use of the Metaverse for employer branding. Based on the review of existing literature, and case studies, the current study proposes a framework for employers to align their EB strategies using the Metaverse as a tool. Findings The study identified opportunities for the use of the Metaverse for EB along with the limitations of using this tool. Also, the …"
Dr. Malhari Bhimrao Kulkarni,yRtGG1YAAAAJ,Online Grocery Industry in India: Identifying Key Themes and Future Directions through a Literature Review,2020,"Indian online grocery retail industry has emerged as one of the most dynamic and fast-paced industries due to changing consumer preferences. This study focuses review of literature on factors that influence on online-grocery industry in India. The factors that motivate buyers to shop-online and their attitudes towards online-grocery are studied. Insights are provided into various themes with respect to online-grocery. A systematic searched was carried out on specialized database sources: Web of Science and EBSCOhost. Furthermore Google Scholar searches were performed. Search words and phrases included online grocery, e-commerce in India, online grocery stores, online retail, e-grocery, grocery retailing. The integrative approach is used to shape the analysis of literature. Five themes were finally identified based on extensive reviews of research articles. Finally, this study identifies several gaps and provides some orientation for future research."
Dr. Malhari Bhimrao Kulkarni,yRtGG1YAAAAJ,Internal branding as a management strategy: a case of organized retail sector,2012,"This research aims to reveal use of internal branding in retail business and gain competitive advantage. Also paper examines the essential role that internal branding plays in doing successful business. A case-study approach is adopted using qualitative and quantitative methodologies from retail businesses, as well as reviews of earlier literature and research, give data for conducting analysis of internal branding in organized retail business. Authors find that internal branding is a new concept in retail business and internal branding helps in involvement of employees in making change, empower employees and build credibility with your employees and customers. Internal branding not only directly influences the performance of employees but their role in relation to the brand experience with customer in store. The research is relevant as it addresses issues of internal branding and its implications in retail business. Brand development is the business strategy and internal branding help to drive a business forward in complex environment. Study indicates that Marketers would learn how to effectively integrate and leverage internal branding and marketing to improve the short-term and long-term success of your organization. Research only related to retail sector. Implications on other sectors of businesses can be different. Extended research can be beneficial for strategy formulators."
Dr. Malhari Bhimrao Kulkarni,yRtGG1YAAAAJ,A bibliometric analysis of citations and publications on Metaverse,2023,"Metaverse is considered the next internet revolution. Metaverse is believed to have a lot of applications in various industries like, education, tourism, gaming, entertainment, IT, healthcare etc. Research in the metaverse is in a nascent stage. An increasing number of scholars are researching this emerging field. Bibliometric analysis is a powerful tool that may be utilized to investigate the development pattern of a particular subject area. The purpose of this paper is to provide initial direction to scholars using bibliometric analysis. We analysed 504 documents from the Scopus database published during the period of 1977 to 2022. We identified top contributing authors, top countries, and top journals publishing research in the ‘metaverse’."
Dr. Malhari Bhimrao Kulkarni,yRtGG1YAAAAJ,Changing workplace demographics: a gig economy and the role of employer branding,2025,"The gig economy in India has expanded rapidly, particularly in sectors such as food delivery, ride-hailing, and freelancing. This study explores the role of employer branding in engaging gig workers within this evolving labour landscape. It focuses on the lived experiences of on-demand service executives and the development of a context-specific Employer Value Proposition (EVP).Adopting an interpretive phenomenological approach, this study used semi-structured interviews with 23 purposively selected gig workers across platform sectors such as delivery and mobility services in urban India. Thematic analysis was employed to identify patterns grounded in employer branding theory and self-determination theory.Even in the absence of long-term employment contracts, a strong employer brand emphasizing …"
Dr. Malhari Bhimrao Kulkarni,yRtGG1YAAAAJ,From Farms to Tourism: Two Decades of Agritourism Trends â€“A Bibliometric Analysis,2025,"Purpose: This study investigated agritourism trends, examining how it diversified rural businesses and contributed to rural economies. It identified the determinants driving agritourism and its various typologies by exploring existing literature.Design/Methodology/Approach: A comprehensive bibliometric analysis was conducted using the biblioshiny tool in RStudio, analyzing 1,104 articles from the Web of Science (WoS) database. The study assessed the most cited papers, key contributing authors, and prominent journals. Additionally, a content analysis was performed to uncover emerging themes and research areas in agritourism.Findings: The results revealed a growing acceptance of agritourism as a rural economic diversification strategy. The study identified leading authors, institutions, and countries contributing to agritourism research and the evolution of major research themes over time. The analysis underscored the economic, social, and environmental benefits of agritourism while also highlighting the associated challenges.Practical Implications: The study provided insights for policymakers, rural developers, and agritourism entrepreneurs in designing effective strategies for sustainable rural development. Understanding agritourismâ€™ s motivations and challenges aided in formulating supportive policies and development frameworks. However, the study was limited by its reliance on bibliometric analysis, which may not have fully captured qualitative aspects of agritourism practices. Additionally, the exclusion of non-English publications and reliance on WoS data may have resulted in potential bias and omission of relevant studies from …"
Dr. Malhari Bhimrao Kulkarni,yRtGG1YAAAAJ,"Retail Investor Behavior Towards Life Insurance, Mutual Fund and Unit-Linked Insurance Plans (ULIPs): A Thematic Literature Review.",2021,"Retail investors are becoming increasingly worried about financial investment, which, after many financial crises, makes it challenging for financial service companies in India to devise marketing strategies. This paper provides a review of scientific, peer-reviewed articles that examine the consumer buying behavior towards investment in life insurance, mutual funds and Unit-Linked Insurance Plans (ULIPs). The research articles were obtained following a literature search on prominent databases like Web of Science, EBSCO and Google scholar. There are dozens of studies identifying behavioral analysis of retail investors. However, this paper makes an emphasis on the thematic analysis to identify factors and to uncover nuanced findings of retail investment decisions from an Indian perspective. The discussions that the authors present allow seeing how the investment behavior pattern of retail investors is shaping the …"
Dr. Malhari Bhimrao Kulkarni,yRtGG1YAAAAJ,A Study Of The Relative Importance Of Various Media Of Promotion In The Real Estate Sector In India.,2024,"Real estate contributes a significant portion to the GDP of the country yet not much research is done on real estate in general and its marketing in particular. Real Estate developers use different media for advertising and promotion. The purpose of this paper is to identify the relative importance of various media for promotion in the real estate sector in India. This paper considers seven different media for promotion namely Newspapers, Hoardings, Social media, Google ads, Property fairs, TV ads, and Pamphlets. Sales Managers of the Real estate companies were approached with a structured questionnaire and were asked to rank these seven media in order of importance. 101 responses were received. Based on this ordinal data, a non-parametric test of Mann-Whitney (Wilcoxon Rank Sum) test was conducted to find out the relative importance of those seven media and whether there were significant differences in …"
Dr. Malhari Bhimrao Kulkarni,yRtGG1YAAAAJ,A study of circular economy and sustainability in fashion industry,2023,This paper aims to study the principles of circular economy sustainable practices in the fashion industry. Study also aims to understand the how fashion sector has been shifting from linear economy towards circular economy. This research includes a comprehensive literature review to understand the various aspects of circular economy and sustainability in the fashion industry. The study briefly emphasize how brands and fast fashion industry is turning towards circular systems to contribute to sustainability and environmental responsibility. Primary objective of study is to understand the holistic overview of the circular economy in the fashion industry. The study also gives an overview of various challenges and drivers of circular economy. This research study is a fresh attempt to re-investigate understanding of the circular economy and sustainability in the fashion industry through a review of the literature.
Dr. Malhari Bhimrao Kulkarni,yRtGG1YAAAAJ,Analysis of Dividend Policy and Dividend Pattern of the Top Five Public Sector Undertakings (PSUs) in the Indian Power Sector,2023,"This research examines the trends and determinants of Indian companies’ dividend policies with the help of top five Public Sector Undertakings (PSUs) in power sector. This paper contributes to the existing body of knowledge by systematically identifying the key factors that influence Indian companies’ dividend payout decisions. This study is descriptive research in nature where secondary data collected from top five Public Sector Undertakings (PSUs) in power sector namely, Rural Electrification Corporation Ltd., National Thermal Power Corporation Ltd., National Hydroelectric Power Corporation, Power Finance Corporation, Power Grid Corporation of India Ltd. by using various books, national journals, annual reports. The output of this study is to examine the impact of share price through the Annual General meetings (AGM). With the help of the dividend distribution policy of the company, the research helps in finding out pattern of distributing dividend to their shareholders. At the end, the impact of Covid-19 on the selected Power Sector companies have been analyzed. These findings are in line with the expectations of the dividend cost minimization model in terms of Indian listed businesses."
Dr. Malhari Bhimrao Kulkarni,yRtGG1YAAAAJ,AGRITOURISM IN INDIA: UNDERSTANDING THE CONSUMER OPPORTUNITY.,2015,"Tourism has emerged as one of the largest global economic activities and agritourism is the form of tourism which capitalizes on rural culture as a tourist attraction. It has gained a new dimension as a potential income and job generating activity. The basic objective of this research is to understand and know expectations of the consumer related to agritourism experience. Agritourism center owners and agritourism visitor are key element and thus it is important to understand their characteristics and expectations to serve them better. This paper reports our survey findings on consumer opportunity focusing demographic characteristics of agritourism visitors and their way of thinking related to consumption. Descriptive statistics showed significant differences in agritourism preferences across gender, levels of agritourism experience, and amenities attached in agritourism. This also research identified that there is a group …"
Dr. Malhari Bhimrao Kulkarni,yRtGG1YAAAAJ,The AI–consumer–sustainability nexus: a conceptual framework for real estate transformation,2026,"The success in the real estate business depends on the three streams – technology adoption, consumer behaviour and sustainability. While the technology of artificial intelligence (AI) has gained popularity in the marketing of property, the earlier research remains fragmented across the three streams. This paper aims to develop an integrative conceptual model, the AI–consumer–sustainability nexus, to connect these streams in a property–market context.A systematic literature review and thematic synthesis were conducted on 118 Scopus-indexed publications between 2015 and 2025. Themes were coded and consolidated to map pathways and derive hypotheses. To strengthen the conceptual integrity, semi-structured interviews with the stakeholders were conducted (a total of 24 interviews, including 11 with academicians and 13 with …"
Dr. Malhari Bhimrao Kulkarni,yRtGG1YAAAAJ,Design and Evaluation of a VR-Based Interactive Property Tour System for Real Estate Applications,2025,"This paper introduces the design and assessment of a VR-Based Interactive Property Tour System as a means of improving the visualization of real estate and interaction with customers. It combines Z-Score Normalization to preprocess data, consistency of data to all metrics of user interaction, and Recursive Feature Elimination (RFE) to determine the most powerful behavioral and environmental variables that can influence the user experience. Gradient Boosting Machine (GBM) is a classifier that was built with the help of the TensorFlow software to predict the user engagement and their intentions to buy the product with a high accuracy. The experimental analysis shows that the accuracy of the system, spatial perception and the quality of interaction are considerably enhanced in comparison with the old models of virtual tours. The findings suggest the increased user satisfaction and lesser navigation latency …"
Dr. Malhari Bhimrao Kulkarni,yRtGG1YAAAAJ,IR 5.0: A CONCEPTUAL STUDY ON THE IMPLICATIONS FOR EMPLOYER BRANDING FOR GEN Z,2024,"This paper explores the intersection of Industry 5.0 (IR 5.0) and employer branding, with a specific focus on how organizations can leverage IR 5.0 principles to attract, engage, and retain Generation Z (Gen Z) talent. The study aims to provide insights into how the human-centric and sustainability-focused aspects of IR 5.0 reshape employer branding strategies, aligning them with the values and expectations of Gen Z. A conceptual framework was developed by reviewing existing literature on Industry 5.0, employer branding, and generational workforce preferences, particularly those of Gen Z. The paper employs a qualitative approach, synthesizing key themes from the literature to propose strategic employer branding adaptations. Insights were gathered from case studies, secondary data, and industry reports to illustrate real-world applications and potential outcomes. The study identifies several key areas where IR 5 …"
Dr. Malhari Bhimrao Kulkarni,yRtGG1YAAAAJ,Social Media Usage beyond Gratifications: A Thematic Literature Analysis,2021,
Dr. Malhari Bhimrao Kulkarni,yRtGG1YAAAAJ,Customer Experience Measurement in Retail Industry: A Thematic Literature Review,2021,
Dr. Malhari Bhimrao Kulkarni,yRtGG1YAAAAJ,Motives of Starting Agritourism: A Case of Maharashtra,2016,
Dr. Malhari Bhimrao Kulkarni,yRtGG1YAAAAJ,Evaluation of Agritourism Policy in India: Qualitative Impact Analysis,,"The purpose of this qualitative study is to provide an overview of the recently formulated agritourism policy in India. Under tourism sector reforms, in September 2020, the State Government of Maharashtra, India, sanctioned its agritourism policy, which aims to promote rural development through agricultural tourism and encourage agriculturally based enterprises and provide employment possibilities for rural economy. An in-depth interview with 21 agritourism center owners/farmers was conducted as part of the qualitative research. Research notes and audio recordings have been translated as per the topics of the study. This study included purposeful sampling. COREQ (Consolidated criteria for reporting qualitative research) comprehensive checklist is employed for data analysis. In finding, participants voiced their appreciation for the policy and expressed a strong desire to take benefits of it. Respondents preferred the concept of training, guidance, marketing, and promoting their centers through the agritourism department of the government. Respondents from the study were pleased with the holistic approach, but they were also concerned about direct financial assistance, flexible and simplified procedures, and one-window clearances."
Dr. Sumitra Narayan Motade,3iuFEMsAAAAJ,Channel estimation and data detection using machine learning for MIMO 5G communication systems in fading channel,2018,"In multiple-input multiple-output orthogonal frequency-division multiplexing (MIMO-OFDM) systems, multi-user detection (MUD) algorithms play an important role in reducing the effect of multi-access interference (MAI). A combination of the estimation of channel and multi-user detection is proposed for eliminating various interferences and reduce the bit error rate (BER). First, a novel sparse based k-nearest neighbor classifier is proposed to estimate the unknown activity factor at a high data rate. The active users are continuously detected and their data are decoded at the base station (BS) receiver. The activity detection considers both the pilot and data symbols. Second, an optimal pilot allocation method is suggested to select the minimum mutual coherence in the measurement matrix for optimal pilot placement. The suggested algorithm for designing pilot patterns significantly improves the results in terms of mean square error (MSE), symbol error rate (SER) and bit error rate for channel detection. An optimal pilot placement reduces the computational complexity and maximizes the accuracy of the system. The performance of the channel estimation (CE) and MUD for the proposed scheme was good as it provided significant results, which were validated through simulations."
Dr. Sumitra Narayan Motade,3iuFEMsAAAAJ,Sensor fusion: An advance inertial navigation system using GPS and IMU,2022,"Navigation is how everything moves around globally, and electronics have provided better solutions for appliances to work seamlessly. There are two broad navigation options for finding your location. One is a Global Positioning System (GPS) system, and the other one is by using the Inertial Measurement Unit (IMU). The IMU is nothing but a combination of accelerometers and gyroscopes. This paper puts light on the Inertial Navigation System (INS), which uses GPS and IMU to get navigation data. GPS and INS give us real-time velocity and position data required for navigation. However, GPS has a slow update rate, up to 1-10Hz, while IMU performs far better at gaining navigation data with an update rate up to 1KHz. IMU accumulates errors and drifts over time while GPS has a low update rate. These drawbacks make both systems unreliable when used alone. The proposed work talks more about the use of both …"
Dr. Sumitra Narayan Motade,3iuFEMsAAAAJ,Active learning techniques for effective online teaching and learning in higher education,2022,"This article proposes active learning strategies for delivering engineering courses to the students in order to make learning more engaging, interesting, accomplishing, and joyful. The education system was impacted by the unprecedented situations generated by the Coronavirus pandemic from the last two academic years. The student community is also going through difficult situations on many levels. The primary challenge for teachers was to engage the students passionately in learning while maintaining a stress-free, healthy and fruitful environment in the online classes. For a stress-free teaching-learning process, adopting a variability in course content delivery methods would be a smart choice for teachers. This paper discusses the most effective active learning strategies in higher education. The work also highlights examples of implementation and an analysis of the effectiveness of active learning methodologies in terms of learners understanding, competency, satisfaction and knowledge gain. The findings indicate that the active learning strategy has assisted students in being more comfortable and engaged in effective learning in the online mode."
Dr. Sumitra Narayan Motade,3iuFEMsAAAAJ,Convolutional neural network-based fall detection for the elderly person monitoring,2023,"The purpose of this paper is to present a generalized human fall detection system for elderly assistance. The human population above the age of 60 is constantly growing. India is the world’s second-most peopled country, having 76.6 million individuals aged 60 and above, occupying more than 7.7% of the total population. Falls are considered a significant problem among the elderly. Falls are a significant source of mortality among the elderly. As a result, instant medical attention is required following a fall. When related to wearable sensors, vision-based fall detection is a more appropriate scheme for supervising old persons. Since a variety of backgrounds and scenes are available, fall event detection necessitates an intelligent approach for extracting the relevant feature. Deep learning algorithms have demonstrated very excellent classification performance in recent years. Compared to traditional techniques, fall detection systems using Convolution Neural Networks (CNN) are highly competent in detecting fall occurrences. The value of the proposed research lies in the CNN-based Fall Detection (FD) system which is data-independent. CNN is infamous for being difficult to tune and data-intensive. There is a risk of overfitting with only a few constructive cases of anomalies among hours of footage. The value of the proposed system lies in combination of diverse datasets from various human fall scenes of office, home, coffee room and lecture room for extraction of novel feature sets to be input to CNN model. The proposed system addresses vital issues the healthcare underthought by automated human fall detection with an accuracy of 93.81% by …"
Dr. Sumitra Narayan Motade,3iuFEMsAAAAJ,Traffic management system using AI and IoT,2022,"Traffic congestion has become a major issue nowadays. Not only in metro cities even in small cities this traffic congestion is a big problem. Therefore, we have required an intelligent traffic control system that can decrease traffic. Our current traffic control system is not flexible and adaptable, and it is time-based and is unaffected by heavy traffic. Because of its static nature, it is unreliable, unpredictable, and noisy. The proposed system is the approach for traffic control. In the proposed system the image processing and IR sensors are used. IR sensors are installed at the roadside from where they detect vehicles and send results to Arduino UNO. On the other side, image processing is used to count vehicles by using camera surveillance and sends the result to the microcontroller through a serial port. Arduino UNO then analysis both the results and update green path time according to the traffic density on the road. Using …"
Dr. Sumitra Narayan Motade,3iuFEMsAAAAJ,FIRE FIGHTING ROBOT USING ANDROID APPLICATION,2020,"Fire fighting is not only important but also dangerous occupation. Whenever fire mishap occurs anywhere it is important to reach there quickly in order to prevent damage. Now a days technology has grown at large extend that makes fire extinguishing more efficient. In this project, we are designing fire fighting robot using android application. The robot consists of water pump and raspberry pi for controlling the desired operation. Sensor module is used to sense fire within area by using temperature sensor, smoke sensor and flame sensor. Android app has buttons for controlling the movement of robot. The live video streaming is also provided on the app that helps to provide navigation to robot. The robot will reach location and spray water to extinguish fire completely."
Dr. Sumitra Narayan Motade,3iuFEMsAAAAJ,Frequency domain adaptive filter using FFT algorithm for acoustic echo cancellation,2010,"Adaptive Filters are generally implemented in the time domain which works well in most scenarios however in many applications the impulse response becomes too long, increasing the complexity of the filter beyond a level where it can no longer be implemented efficiently in the time domain. An example of where this can happen would be in acoustic echo cancellation applications in hands free telephony. However there exists an alternative solution and that is to implement the filters in the frequency domain. The Discrete Fourier Transform or more specifically the Fast Fourier Transform (FFT) allows the conversion of signals from the time domain to the frequency domain in an efficient manner. Acoustic echo cancellation of the frequency domain adaptive filter is compared with time domain adaptive filter. Again results are compared for both frequency domain and time domain adaptive filters with different step sizes."
Dr. Sumitra Narayan Motade,3iuFEMsAAAAJ,Smart Face Recognition Based Attendance System Using ML Algorithm,2022,"The system's goal is to make the attendance marking process quick and easy because the teacher's mundane job in class is time consuming in monitoring the students while marking attendance and ensuring that no proxy attendance is marked.To solve the problem efficiently, the system employs a machine approach that makes use of Python's OpenCV library. The Haar cascade algorithm and the LBPH algorithm are used for face detection and recognition. The system is designed to be s ufficiently accurate in comparison to other systems."
Dr. Sumitra Narayan Motade,3iuFEMsAAAAJ,Noma multiuser detection with MIMO for maximizing the system capacity and eliminate interference,2021,"In 5G cellular communications, Non-Orthogonal Multiple Access (NOMA) is the advanced radio access technique. Compared to other Orthogonal Multiple Access (OMA) schemes, NOMA is more efficient and supports a large number of users. However, as the number of users increases, OMA based schemes may not meet the emerging requirements such as very high spectral efficiency, very low latency, and massive device connectivity. NOMA allows access to several users in the same resource block, such as a time slot, subcarrier, or spreading code. This work mainly emphases on the power domain NOMA with Multiple Input Multiple Output (MIMO), which combines many users in the power domain and uses channel gain difference between multiple users. Various user signals can also spread over the channel at the transmitter side. Due to the availability of multi-users, the SIC on the receiver side cannot be able to perform the sequential decoding of the users. Whale Rank Successive Interference Cancellation (WRSIC) overcome the limitation in the existing SIC by ranking the user for successive cancellation of interference in the system. A WRSIC based Multi-User Detection (MUD) algorithm is used on the receiver side to identify the signal required. Thus, the novel WRSIC-MIMO NOMA method maximizes the channel capacity and eliminate the interference. Simulation results show the performance of the proposed scheme with different parameters and the comparison with the other schemes."
Dr. Sumitra Narayan Motade,3iuFEMsAAAAJ,Edge Impulse: TinyML Language Classification Model,2024,"There is an immense demand for smart production procedures with a requirement of intelligence which is expected in today’s industry due to rapid development. One of those intelligent production techniques gave birth to TinyML, which has the ability to run machine learning models with low processing power and still satisfying the accuracy threshold for effective application. This research explores the implementation of TinyML for conveyor belt systems using Edge Impulse software. The significance of this research lies in the approach of handling a problem such as language identification on products real time and on edge devices. This pipeline was created with data acquisition, model design, training and testing done sequentially to suit our purpose, with getting the results of accurate identification of 4 languages Arabic, Chinese, Hindi and English along with processing time of 1ms and RAM consumption of 4KB …"
Dr. Sumitra Narayan Motade,3iuFEMsAAAAJ,Analyzing the Feasibiity and Realibilty of Nextcloud as a Network Attached Cloud Storage Solution on Raspberry Pi,2023,"Since network technology is advancing so quickly, every industry that uses networking now has a great need for data storage facilities. The proposed system inspects the feasibility of creating a network-attached storage system using Raspberry Pi and Nextcloud. A network-attached storage system, or NAS, that provides data access to a variety of network clients is connected to a computer network. The potential use of this system is for file and photo storage. Additionally, the study’s main focus is on communication via the chat feature. The advantages of such an approach are highlighted, including its affordability, adaptability, and simplicity. The presented work summarizes that a Raspberry Pi-based network-attached storage system with Nextcloud software is a viable solution for individuals and small businesses looking for a secure and efficient way to store data and communicate with others. It allows the storage …"
Dr. Sumitra Narayan Motade,3iuFEMsAAAAJ,Enhancing Driving Safety Through Real-Time Posture Detection and Analysis Using Machine Vision,2023,"This paper proposes an innovative technique for evaluating the driver's posture in All-Terrain Vehicles (ATVs) by making use of OpenCV and the Mediapipe Framework using Python. Real-time video streams of driver's posture are captured and processed to determine joint angles, which are then compared to a REBA scorecard for further analysis. The results are displayed on a web page which is built using React and Python backend which runs locally on a computer. This approach has also been verified by using sensors to detect the angles between the joints. By accessing the level of risk from REBA Table, the vehicle design is optimized and the vehicle is made invulnerable. This automatic calculation saves considerable amount of time during the development phase. This approach offers a user-friendly way to detect and analyze driver's posture, predict risk to the driver using the REBA standardized scorecard …"
Dr. Sumitra Narayan Motade,3iuFEMsAAAAJ,Machine learning-based approach for depression detection using PHQ-9 and Twitter dataset,2022,"Depression is a severe mental health issue that affects people of all age groups, sexes, and races. People are more relaxed about expressing their opinions on social networking sites (SNS) almost every day in this age of modern connectivity and technology. This work aims to propose a model based on data analysis and machine learning to detect depression in a person. Two types of depression detection tests are conducted on the same Web site. Two tests are based on the PHQ-9 dataset approved by the National Institute of Health (NIH) and Twitter Dataset. In the PHQ-9 dataset, the maximum accuracy achieved using SVM is 99.74%. In the Twitter dataset, comparatively, a little less accuracy is obtained because of the informal language used in tweets. The outcome of this work will help the researchers with an insight into the automatic techniques to detect depression. Proposed work significantly improves the …"
Dr. Sumitra Narayan Motade,3iuFEMsAAAAJ,IOT Based Smart Irrigation System using Cisco Packet Tracer,2021,
Dr. Sumitra Narayan Motade,3iuFEMsAAAAJ,Real-time Driver Monitoring using Facial Landmarks and Deep Learning,2024,"Annuallya significant number of collisions stem from drivers being drowsy or distracted. The proposed work introduces a real-time computer vision setup, aimed at assessing the driver’s condition. Utilizing facial landmark scrutiny coupled with deep learning, the system identifies indications of drowsiness, such as shut eyes and yawning. Moreover, a Convolutional Neural Network (CNN) categorizes driver behaviors, including smoking. Through testing on a labelled driving video dataset focusing on driver states, the proposed system showcased a 92 percent accuracy in recognizing closed eyes, 87 percent for detecting yawning, and 89 percent for classifying smoking actions. With its streamlined design and high precision, this system holds promise in enhancing road safety by continuously monitoring driver attentiveness and concentration. This research contributes valuable insights into crafting unobtrusive driver …"
Dr. Raghunath Subhanrao Bhadade,zKvT_60AAAAJ,Circularly polarized 4× 4 MIMO antenna for WLAN applications,2019,"A circularly polarized (CP) 4 × 4 MIMO antenna with low mutual coupling is proposed to operate at 2.4 GHz WLAN band (IEEE 802.11b/g/n/ax) applications. The proposed design consists of four CP pentagonal microstrip elements with suspended substrate and five loaded slits to obtain the high gain and required impedance bandwidth. The CP elements are orthogonally arranged with diagonal element has same CP to reduce mutual coupling among the elements. The proposed MIMO antenna exhibits impedance bandwidth 170 MHz, a peak gain 7.95 dBd, and axial ratio ≤3 dB. More than 30 dB isolation is achieved between two elements. The MIMO antenna performance in terms of diversity gain (DG), efficiency, and envelope correlation coefficient (ECC) has been reported."
Dr. Raghunath Subhanrao Bhadade,zKvT_60AAAAJ,Mental health analyzer for depression detection based on textual analysis,2022,"The global coronavirus pandemic and lockdown has had negative impacts on individuals’ mental health and well-being. The crisis has generated symptoms of depression in many, which may last even after the lockdown is over. To provide support to individuals in terms of counseling and psychiatric treatment, it is necessary to identify such depressive symptoms in a timely fashion. To address this problem, an artificial intelligence-based system is proposed to assess the changes, if any, in the mental health of an individual as a function of time, starting from the pre-lockdown period (in India from 20 April 2020). A Mental Health Analyzer has been implemented to automatically detect whether an individual is trending toward a state of depression based on his or her tweets over time. The deep learning models of Convolutional Neural Networks (CNN), Long Short-Term Memory (LSTM), and Bidirectional LSTM have been implemented and compared for the emotion classification task, specifically to detect the emotions of sadness, fear, anger, and joy present in a person’s tweets. The system identifies the emotion of sadness present in tweets to detect depression. An ensemble maximizing model using CNN, LSTM, and Bidirectional LSTM is proposed to maximize the recall metric to improve the performance for the task of depression detection. The implemented system was tested using the dataset provided for the SemEval-2018 semantic evaluation tasks and achieves better results than previous models for the task of emotion classification and, further, can detect depression when tested on real Twitter data."
Dr. Raghunath Subhanrao Bhadade,zKvT_60AAAAJ,IoT based real time drainage monitoring system,2024,"Constant drainage system monitoring is essential for the cleanliness of cities. In reality, drainage monitoring crews do not exist in every municipality. It leads to irregular monitoring of drainage conditions. Drainage becomes obstructed due to unreliable observation, which implies an invitation that ultimately leads to inundation. This study examines an IoT-based real-time drainage monitoring system that monitors the condition of each manhole point in the drainage system via wireless sensor networks. Each individual manhole cover operates as a sensor node. The data that has been entered into a database will be presented using a Geographic Information System (GIS). In order to prevent catastrophes, monitoring metrics consist of drainage water levels, the air pressure in the drainage line, the presence of toxic gases in the drainage and the condition of the manhole, which indicates whether it is closed or open …"
Dr. Raghunath Subhanrao Bhadade,zKvT_60AAAAJ,A literature survey on mimo antenna,2021,"This survey paper addresses the various Multiple-input-multiple-output (MIMO) antennas. In today's world of wireless networking, the MIMO antenna is highly necessary. In the field of the MIMO antenna a lot of research work has been done in the last decade. Here different MIMO antennas and their specifications are discussed. This survey paper also discusses various MIMO antennas with different elements and their consequences on reducing MIMO antenna problems, such as cross-polarization and reciprocal coupling between patch arrays. The positioning of antennas in close proximity induces extreme coupling and thus degrades the efficiency of the MIMO antenna system. The objective of the work is to review the recent research and development trends and highlight a few novel approaches in the antenna design that call for MIMO applications. To compare the different antenna parameters we presented a table for comparison of different antenna."
Dr. Raghunath Subhanrao Bhadade,zKvT_60AAAAJ,High gain circularly polarized pentagonal microstrip for massive MIMO base station,2019,"In this paper we propose a circularly polarized pentagonal microstrip antenna on a suspended substrate with coaxial probe feed and five loaded slits for Massive MIMO BS Antenna applications. Massive Multiple-Input Multiple-Output (MIMO) is one of the key component to be incorporated in the 5G cellular systems. The proposed antenna is successfully simulated using HFSS 13.0, fabricated on a FR-4 substrate and measured. The proposed antenna exhibits a much higher gain of 6.17 dB, improved impedance bandwidth of 171.9 MHz (Return loss, S 11=-10dB), axial ratio bandwidth (< 3dB) of 135 MHz, patch area of 1775 mm 2, and also yields return loss better than-15 dB around the center frequency of 2.45 GHz (ISM Band). Measured characteristics of the antenna are in good agreement with the simulated results."
Dr. Raghunath Subhanrao Bhadade,zKvT_60AAAAJ,High gain dual-polarised pentagonal microstrip antenna for wireless communications,2019,"In this paper we propose a dual polarised pentagonal microstrip antenna for massive MIMO-base station to operate at 2.4 GHz WLAN band (IEEE 802.11 b/g/n/ax). The various researchers have used antenna array with different feeds for the massive MIMO BS to obtain the desired gain with required impedance bandwidth. However, this proposed work contradicts with existing method by using a single novel radiating element with suspended substrate to achieve the desired gain and required impedance bandwidth. The circular polarisation is achieved by using two coaxial-probe feeds. The main focus of research is on the selection of proper shape of the radiating element for Massive MIMO BS. The proposed antenna is successfully simulated using HFSS 13.0, fabricated on a FR-4 substrate and measured. The proposed antenna exhibits a much higher gain of 6.17 dB, improved impedance bandwidth of 171.9 MHz …"
Dr. Raghunath Subhanrao Bhadade,zKvT_60AAAAJ,Real-time Decoding of Satellite Signals,2022,"Satellite is a common term these days and a tremendous amount of work is conducted in space and technology. The proposed system briefs about the decoding of live satellite signals with help of a mini ground station using USRPB200 Software Defined Radio (SDR), RTL SDR mini and a self-designed V-shaped Antenna. The objective of the proposed system includes decoding the satellite signals in the Ultra High Frequency(UHF) and Very High Frequency (VHF) bands with their respective implementations in the GNU Radio environment. Signals from International Space Station (ISS), Meteor Satellites, and National Oceanic and Atmospheric Administration (NOAA), are captured during multiple passes to study in detail and explore how communication exactly happens. The proposed system also sheds light on the hardware and software used while decoding the signals, the mini-ground station, the different …"
Dr. Raghunath Subhanrao Bhadade,zKvT_60AAAAJ,Zigbee Communication Protocol for Cansat Telemetry and Control,2024,"Communication plays a significant role in the trans- mission of information from one point to another. Usually, to ensure efficient communication between the transmitter and receiver various parameters are considered like power requirements, range, data rate, and so on. For small-range applications and small satellite applications like Cansat, it is often challenging to select a communication protocol for the transmission of information. Zigbee protocol is one such communication protocol that can be implemented as it provides an efficient solution for the project requirements. Zigbee protocol is considered to offer a decent data rate along with minimal power requirements making it a popular choice for IOT applications as well as other small-scale project requirements. This work showcases the implementation of the Zigbee protocol for establishing a telemetry link for Cansat."
Dr. Raghunath Subhanrao Bhadade,zKvT_60AAAAJ,Metaheuristic Optimization and Machine Learning-Based Unit Commitment Strategies in Smart Grids,2025,"This study introduces Machine Learning and Metaheuristic-Based Unit Commitment (ML-MetaUC), which is a hybrid method for intelligent UC in smart grids. The ML component uses supervised models such as linear regression and random forest on historical and real-time environmental data to predict the upcoming demands for electricity. The Metaheuristic Optimization (MO) layer uses several methods, including Differential Evolution (DE) and Ant Colony Optimization (ACO), to ascertain the appropriate time to activate the generators. Simulation on the IEEE 14-bus test system showed that ME-MetaUC reduced operating expenses by 10.7% and boosted convergence speed compared to traditional approaches. In addition, the proposed framework has a high degree of flexibility to various load scenarios, contributing to increased system dependability. Under conditions of uncertainty, the ML-MetaUC framework, a data-driven and scalable solution for smart grid energy management, makes it possible to schedule producing units robustly and more effectively."
Dr. Raghunath Subhanrao Bhadade,zKvT_60AAAAJ,An Automated Drainage Vision-based Monitoring System-ADVMS: Key Component in Developing Smart Cities in India,2024,"This paper proposes a comprehensive method for developing an automated drainage monitoring system using sensor networks, an autonomous underwater vehicle (AUV), and a network control center (NCC). The system collects sensor data, communicates with the NCC, and employs the AUV to identify and remove obstructions while monitoring its operation. The system performance evaluation, 3D drainage system modeling, and algorithm functionality revealed the effectiveness of the proposed methodology. These findings highlight the improved maintenance, sanitation, and reduced waterborne disease risks in urban areas. The Indian government’s focus on developing “smart cities” and the challenges of poor subterranean drainage surveillance leading to water contamination and diseases has emphasized the importance of drainage systems. These findings highlight the efficacy and feasibility of the system for …"
Dr. Raghunath Subhanrao Bhadade,zKvT_60AAAAJ,SEIRD Model for Forecasting Spread of COVID-19,2022,"Objectives To develop a reliable mathematical model in order to predict the evolution of various epidemiological factors and parameters for COVID-19 across the globe. Methods A novel dynamic Susceptible-Exposed-Infected-Recovered-Died (SEIRD) model is proposed in this research. The proposed, two-step approach assumes the infection rate which is dependent on time, to estimate the evolution of various variables of the model. In the first step, parameters like clinical and transmission are estimated, whereas in the second step, simulation of the model is done to predict the outbreak. Findings Making use of this model, the total number of people who are likely to be afflicted by an infectious disease in a closed population over a period of time can be computed theoretically. Novelty The proposed model results into low computational complexity since it is deterministic in nature. Secondly, SEIRD model equations are solved in frequency domain that converts the integraldifferential equations into simple algebraic equations. This further reduces the computational burden."
Dr. Raghunath Subhanrao Bhadade,zKvT_60AAAAJ,Improved link net-based energy prediction: Clustering-based routing and improved kernel-LMS algorithm for data aggregation in WSN,2026,"Advancements in Wireless Sensor Networks (WSNs) are critical to enabling smart computing applications. These networks are composed of compact, battery-powered sensor nodes that operate under strict energy and resource constraints. Such limitations often lead to uneven energy consumption, adversely affecting network lifespan. Although clustering techniques help reduce energy usage, conventional methods frequently fail to ensure balanced energy distribution among nodes. Hence, this research presents the Secretary Bird Merged Walrus Optimization (SBMWO) method for effective cluster head (CH) selection, taking into account a number of constraints such link lifetime, risk, delay, energy prediction, and distance in order to handle these issues. An Improved LinkNet-based Transmission Model (ILNTM) is employed to predict the residual energy of nodes, aiding in optimal CH selection and enhancing …"
Dr. Raghunath Subhanrao Bhadade,zKvT_60AAAAJ,Automatic Block Removal and Anticlogging in a Drainage Management System via a Hybrid Fuzzy Deep Learning Approach,2026,"Essentially, drainage systems (DSs) frequently suffer from blockages, thus resulting in costly maintenance. Therefore, various studies have focused on detecting blockages arising in DSs; however, this has been difficult during pandemic situations. Therefore, this article aims to implement a fully automated system for real‐time blockage removal in DSs via a hybrid fuzzy deep learning approach. The sensor data are primarily gathered. During preprocessing, noise removal is performed via Spearman's rank correlation coefficient applied via the pairwise attribute noise detection algorithm (SRCC‐PANDA). Thereafter, the proposed two‐sided Gaussian‐fuzzy C‐means clustering (TSG‐FCMC) is established to group the data into three different classes. If the data are clustered into a blockage class, then the manhole status is determined via the rule‐based decision controller (RBDC). Afterward, to locate the blockage, the …"
Dr. Raghunath Subhanrao Bhadade,zKvT_60AAAAJ,Ciorcularly Polarized 2 x 2 MIMO Antenna for 5G Applications,2022,
Dr. Raghunath Subhanrao Bhadade,zKvT_60AAAAJ,Compact 4× 4 MIMO antenna for WLAN applications,2022,"A high isolation 4 × 4 multiple-input multiple-output (MIMO) antenna that operates at 5.2 GHz WLAN band (IEEE 802.11a/b/g/n/ax amendment) applications is the focus of this paper. The design that is under consideration is made up of four pentagonal microstrip antennas. Enhanced isolation among the radiating elements is achieved by using inter-element spacing of half-wavelength, orientation of the elements and the defective ground structure (DGS). Inter-element spacing in between the radiating elements is estimated using SystemVue based on antenna array parameters. RT duroid 5880 substrate is utilised for the fabrication the MIMO antenna. The proposed radiating element exhibits a peak gain of 7 dB, impedance bandwidth of 175 MHz and isolation > 35 dB. The size of the MIMO antenna is 84 × 80 mm2. The assessment of how the MIMO antenna performs is undertaken in terms of diversity gain (DC) and …"
Dr. Anamika Jain,6bnMzvkAAAAJ,Handwritten signature verification using shallow convolutional neural network,2020,"Handwritten signatures are an undeniable and unique way to prove the identity of persons. Owing to the simplicity and uniqueness, it finds an essential place in the area of behavioral biometric. Signatures are the most widely accepted biometric trait by law enforcement agencies/personnel for verification purposes, especially in financial institutions, legal transactions, etc. and hence secured authentication becomes imperative. In the era of a digital age, numerous transactions are taking place, where handwritten signature verification is required by the agencies, e.g., banks, etc. In such scenarios, the process of signature verification, besides being accurate and secure, should be very fast, i.e., the real-time verification can be done. In this paper, we have proposed a convolutional neural network-based language-independent shallow architecture (sCNN(Shallow Convolutional Neural Network)) for signature verification …"
Dr. Anamika Jain,6bnMzvkAAAAJ,Signature verification using geometrical features and artificial neural network classifier,2021,"Signature verification has been one of the major researched areas in the field of computer vision. Many financial and legal organizations use signature verification as an access control and authentication. Signature images are not rich in texture; however, they have much vital geometrical information. Through this work, we have proposed a signature verification methodology that is simple yet effective. The technique presented in this paper harnesses the geometrical features of a signature image like center, isolated points, connected components, etc. and, with the power of artificial neural network classifier, classifies the signature image based on their geometrical features. Publicly available dataset MCYT, BHSig260 (contains the image of two regional languages Bengali and Hindi) has been used in this paper to test the effectiveness of the proposed method. We have received a lower equal error rate on MCYT 100 …"
Dr. Anamika Jain,6bnMzvkAAAAJ,Machine Learning-Based Diabetic Retinopathy Detection: A Comprehensive Study Using InceptionV3 Model,2024,"Diabetic retinopathy is considered as a common eye disease that affects vision of people those have diabetes. Early diagnosis of diabetic retinopathy has become a crucial step to prevent vision loss. In this paper, we have proposed a method to detect diabetic retinopathy using machine learning based method. We used two publicly available datasets, EyePACS and APTOS 2019, for training and testing our model. We employed a pre-trained model, Inception V3,and fine-tuned it on our dataset. We achieved and accuracy and F1 score of 74.28% and 73.81 % respectively on the EyePACS dataset and on APTOS 19 dataset we obtained an accuracy and F1 score of 81.61 % and 80.21 % respectively. Our findings suggest that with machine learning, we can detect diabetic retinopathy in the early stages."
Dr. Anamika Jain,6bnMzvkAAAAJ,Multi‐task learning using GNet features and SVM classifier for signature identification,2021,"Signature biometrics is a widely accepted and used modality to verify the identity of an individual in many legal and financial organisations. A writer and language‐independent signature identification method that can distinguish between the genuine and forged sample irrespective of the language of the signature has been proposed. To extract the distinguishing features, a pre‐trained model GoogLeNet, which is fine‐tuned with the largest signature dataset present till date (GPDS Synthetic), has been used. The proposed method is tested over the BHSig260 (contains images from two regional languages, Bengali and Hindi) dataset. With the help of the above fine‐tuned model, knowledge is transferred to the publicly available datasets – BHSig260 and MCYT‐75. The features extracted using the fine‐tuned model has been fed to the support vector machine (SVM) classifiers. With the proposed method, 96.5% and …"
Dr. Anamika Jain,6bnMzvkAAAAJ,Fake Profile Detection Using Machine Learning,2024,"Nowadays, Social Media Platforms on behalf of entities or individuals, can harm (SMPs) are being utilized by an enormous number their reputations and reduce the number of likes of users to get connected with their friends and and followers they receive. Additionally, they family. There are sites like Facebook, Instagram, experience unnecessary confusion with other Twitter where people spend a significant amount of time to get updated about the world. The data uploaded on social media contains their personal information, thoughts on certain topics, news, etc. The social media platforms verify the authenticity of the registered user. However, some of the users hide their identities and these people are threats to the security of other users’ data. These bot accounts are used to scam, or purposefully cause harm to people. There is a need for detection techniques to find and eradicate these bots as quickly as possible …"
Dr. Anamika Jain,6bnMzvkAAAAJ,MAMMO-Net: An Approach for Classification of Breast Cancer using CNN with Gabor Filter in Mammographic Images,2022,"In today’s times, one of the most prevalent form of cancer in women is breast. Early detection of breast cancer improves patients’ chances of survival by allowing them to get the best treatment available. Convolutional Neural Networks has been very popular to extract the relevant features and classification. To develop a real time breast cancer model, we have developed a light weighted convolutional Neural Network (MAAMMO-Net). In this work we have proposed a convolutional Neural Network (MAMMO-Net) for automated diagnosis of breast cancer. We have also processed the mammographic images before giving input to the MAMMO-Net by applying Gabor filter. We experimented with the publicly accessible mammographic dataset CBISDDSM to verify the performance of the suggested model and obtained accuracy of 98%."
Dr. Anamika Jain,6bnMzvkAAAAJ,Prediction of Cardiovascular Disease using XGBoost with OPTUNA,2025,"Cardiovascular disease is a significant and severe disease that causes a high percentage of morbidity and accounts for nearly one-third of all fatalities. With the changing lifestyle of people and consumption of low-nutrient foods in today’s time leads to high-risk factors of cardiovascular disease. Thus, it is required to predict cardiovascular disease and take precautions timely. Various experiments have been performed to detect and prevent cardiovascular disease by many researchers. In this paper, we have presented a method based on XGBoost and OPTUNA hyper-parameter to detect cardiovascular disease. XGBoost is a machine learning algorithm that gives better performance and OPTUNA is an automatic hyper-parameter optimization software framework. We have achieved 96.77% and 93.52% accuracy on the UCI Cleveland dataset and Kaggle Heart Failure dataset respectively."
Dr. Anamika Jain,6bnMzvkAAAAJ,Prediction of Heart Disease using Dense Neural Network,2022,"Heart disease are very common in humans because of their life style. It become life threatening when do not treated on time. So the early detection of heart disease has become very important. Many researchers have done a lot of research on the prediction of the heart disease. To minimize the risk of loosing life, we have proposed a Artificial neural network based method that can predict the heart disease in the early stages. The proposed method is tested over the publicly available UCI dataset. We have achieved 96.09% accuracy with the proposed method."
Dr. Anamika Jain,6bnMzvkAAAAJ,Feature Ensemble based method for verification of Offline Signature images,2022,Signature verification is the most researched area in computer vision as it has less intra-class and less inter-class similarity. Our objective is to reduce the intra-class variation and increase the inter-class similarity. This paper has proposed an ensemble based approach where method of ensemble of feature created by using geometrical and Mobile Net features along with the ensemble of classifier has utilized. The proposed method has been tested over the publicly available dataset BHSig260. This paper has achieved 99.4% and 99.3% accuracy over Bengali and Hindi dataset respectively.
Dr. Anamika Jain,6bnMzvkAAAAJ,Plant Disease Detection Using Machine Learning,2024,"In the field of agriculture being able to identify plant diseases is extremely important as it can lead to crop loss and negatively impact food security. Detecting these diseases early on is crucial, to prevent their spread and minimize any damage. However, this task often requires a high amount of labor and experience. This project suggests using image processing techniques to extract characteristics from images of plant leaves and then utilizing machine learning algorithms to classify these leaves as either healthy or diseased. The evaluation of machine learning algorithms, such as Convolutional Neural Networks, was conducted to measure their performance, using their accuracy, precision, and recall. The proposed system displays a level of accuracy in detecting and classifying plant diseases. It focuses on categorizing images of types of plants into disease types as well as healthy ones. These findings highlight the …"
Dr. Anamika Jain,6bnMzvkAAAAJ,MultiNet: A Multimodal Approach for Biometric Verification,2023,"These days, the safety of personal information has become a matter of great concern for everyone. In this matter, the concept of Multimodal Biometrics has attracted the interest of the researchers because to the ability to solve a number of limitation of uni-modal biometric system. In this paper, we have presented multimodal biometric-based verification system, which is based on convolutional neural network to verify a individual using multi traits biometric modalities, i.e., fingerprint iris by score level fusion. We have achieved 98.8% accuracy over CASIA V fingerprint and iris dataset. Obtained results shows that using two different biometric trait in proposed biometric verification systems achieved better result than single biometric trait."
Dr. Anamika Jain,6bnMzvkAAAAJ,Signature based authentication: A multi-label classification approach to detect the language and forged sample in signature,2021,"In this work, we have proposed a multi-label classification algorithm for signature images that can be used to solve multiple objectives: i) It can tell the identity of the image. ii) Can interpret the language of the content written in the image. iii) It can also identify whether the given image is the genuine signature of the person or the forged one. This paper has used the pretrained model GoogLeNet, that has been finetuned on the largest signature dataset present (GPDS). GoogLeNet is used to extract the features from the signature images, and these features are fed to the three-layer neural network. The neural network has been used for the classification of the features of the image. The model has been trained or tested against two regional datasets Hindi and Bengali datasets."
Dr. Anamika Jain,6bnMzvkAAAAJ,DenseMammoNet: An Approach for Breast Cancer Classification in Mammograms,2023,"In women all around the world, cancer of the breast is a condition that is both prevalent and on the rise. Breast cancer can be formed due to the lumps in the mammary region in females. Early detection of breast cancer masses (BCM) can save the lives of many women. In this paper, we have proposed an automated method that it is feasible to spot cancer of the breast in its infancy from mammographic images. To validate the authenticity of the proposed work, we have experimented with the publicly available dataset, Mammography Image Analysis Society (MIAS), and achieved an accuracy of 99.4%."
Dr. Anamika Jain,6bnMzvkAAAAJ,Improving Electricity Theft Detection with a Stacked Ensemble Model,2025,
Dr. Anamika Jain,6bnMzvkAAAAJ,DenoiseNet: An Efficient Image Denoising Using Convolutional Neural Networks,2025,"Image denoising is a crucial research area in image processing, with significant advancements made over the past decade. Recently, this field has gained renewed attention due to the advancement of deep learning method. With this work, we have proposed an optimized Convolutional Neural Network (CNN) architecture for image denoising (DenoiseNet). The model is designed to handle various types of noise, i.e. Gaussian, Poisson, and salt-and-pepper noise. To evaluate its performance, we tested DenoiseNet on the publicly available Flickr2k dataset, achieving high Peak Signal-to-Noise Ratio (PSNR) while preserving image quality. Moreover, DenoiseNet emphasizes computational efficiency, making it highly suitable for real-time applications where both speed and accuracy are critical. The results affirm that DenoiseNet is a robust solution for contemporary image denoising challenges."
Dr. Ganesh Bhaurao Choudhari,ql-JsDwAAAAJ,Organic food: the importance from public health perspective,2022,"Non organic food and chemical intake has been associated with a variety of infections and disorders, notably cancer, digestive dysfunction, headaches, ADHD (Attention Deficit Hyperactivity Disorder), prenatal deformities, a compromised immune system and early mortality. Organic foods are pesticide-free and it is beneficial for overall health. Organic farming initiated 1000 years ago, once mediaeval farmers began cultivating along riverbeds based on natural resources. Organic food and food products are the finest healthy food which can be consumed without causing harm to body, soil nutrients, environment, or biodiversity. This approach quickly is becoming wellknown because of its significance and importance from a public health perspective covering 20 to 30% of India's entire agricultural area. Organic farming is an ideal type of agriculture when compared to chemical-based agriculture, since it reserves integrity of soil and environment while also providing high-quality agricultural products for a healthy lifestyle such as fruits, vegetables, grains, pulses, and other foods. People nowadays are increasingly concerned about the nutritional quality of their diet. There is a need to do more research and analysis to rationalise and justify the value of organic food and food products, which are more nutritious and healthy compared to nonorganic or conventional foods. The comparative aspects of organic vs nonorganic farming along with biodiversity and environmental benefits of organic farming have been focused in this study. The present study also focused on the promotion of organic food"
Dr. Ganesh Bhaurao Choudhari,ql-JsDwAAAAJ,"Phytochemical content and antioxidant property of polyherbal formulation, raktavardhak kadha",2022,"Raktavardhak kadha is a polyherbal formulation available in the Indian market as a nutritional supplement for the treatment of anemia. The present study was conducted to evaluate the phytochemical content and in vitro antioxidant activity of Raktavardhak kadha. A preliminary phytochemical analysis of Raktavardhak kadha was performed to detect the presence of various classes of phytochemicals. The total phenolic and tannin contents were estimated by the Folin-Ciocalteu method. The aluminium chloride colorimetric method was used for the estimation of the total flavonoid content of Raktavardhak kadha. Antioxidant activity was analyzed by the 2, 2-diphenyl-1-picrylhydrazyl (DPPH) assay method. Phytochemical analysis indicated the existence of saponins, steroids, flavonoids, tannins, and phenolic compounds in the Raktavardhak kadha. The total phenolic content of Raktavardhak kadha was found to be 86.5 mg of gallic acid equivalent per milliliter. The total tannin content of Raktavardhak kadha was found to be 73.33 mg of gallic acid equivalent per milliliter. The total flavonoid content of Raktavardhak kadha was 95.4 mg of quercetin equivalent per milliliter. In the DPPH assay, the IC50 of Raktavardhak kadha was found to be 92.53 ppm. It is concluded that the RK is rich in phytochemical content and has antioxidant properties indicating its high medicinal values. It appears that the presence of flavonoids is responsible for the beneficial effects of Raktavardhak kadha in anemic patients."
Dr. Ganesh Bhaurao Choudhari,ql-JsDwAAAAJ,Synergistic antioxidant activity of a polyherbal preparation,2020,"Exogenous or external antioxidants are required in the form of a food supplements and/or medicines to protect the body from oxidative stress and ultimately from heart disease, stroke, aging and other risks specially cancer. A liquid polyherbal preparation was developed as Saptarangi Plus Kadha which contains three medicinally important herbs such as Salacia chinensis, Curcuma longa and Tinospora cordifolia. The antioxidant activity of Saptarangi Plus Kadha and individual extracts of the said three herbs were carried out by antioxidant capacity assays such DPPH (1, 1-diphenyl-2-picrylhydrazyl radical), FRAP (Ferric reducing antioxidant power) and H2O2 scavenging. The absorbance was measured on UV spectrophotometer at required wavelengths and IC50 values were calculated for Saptarangi Plus Kadha and individual extracts. The individual herbs in combination showed a good synergistic antioxidant …"
Dr. Ganesh Bhaurao Choudhari,ql-JsDwAAAAJ,"Evaluation of antidiabetic, antihyperlipidemic potential and herb-drug interaction of Saptarangi plus Kadha and Saptarangi tablet in streptozotocin induced diabetic rats",2024,"The study was undertaken to evaluate single herb formulation (SHF) as Saptarangi tablet (ST) and polyherbal formulations (PHF) as Saptarangi plus Kadha (SK) for diabetes and hyperlipidemia. The main objective of proposed study was to evaluate the anti-diabetic and anti-hyperlipidemic activities of ST and SK in streptozotocin (STZ)-induced diabetic rats, as well as their interactions with metformin (MET), in order to prove complementary and alternative medicine (CAM) for diabetes treatments. The single intraperitoneal injection (ip) of STZ at the dose of 45mg/kg was given to induce diabetes in Wistar albino rats. At dosages of 45 mg/kg and 1.35 ml/kg, ST and SK were evaluated for antidiabetic and antihyperlipidemic action. It was calculated using biochemical alterations in urine, serum, liver, kidney and pancreatic tissue homogenate. The liver, kidney and pancreas tissues were examined for histological changes …"
Dr. Ganesh Bhaurao Choudhari,ql-JsDwAAAAJ,Wearable Devices and mHealth: The Significant Applications in COVID 19 Pandemic,2022,"Wearable devices (WDs) and mHealth (Mobile Health) give you the healthcare services, overcoming geographical, temporal or even organizational obstacles. Wearable technologies will have non-encroaching and sovereign devices that collect save and examine physiological information that will certainly help to improve patient health. It has been used so far for fitness purposes. But with increasing demand by patients and health care workers, wearable devices have also been developed to monitor patient health-related issues. It collects and analyses data. In some scenarios makes a sensible decision and provide a suitable response to the users. Now a day, mobile applications have also proven effective in the field of medicine with the motto of giving personalized treatment to disease control. Advanced technology in wearable gadgets has become a great aspect of our day-to day life in addition to the health care industry. A global pandemic that the world is facing in the form of COVID19 has..."
Dr. Ganesh Bhaurao Choudhari,ql-JsDwAAAAJ,Therapeutic role of nitric oxide in diabetic wound healing: a systematic review,2021,"Post injury, healing of wound is essential for recovery of uprightness of the body, which is one of the complex, continuous and unanticipated chains of events in case of diabetic patients. Nitric oxide represents a potential wound therapeutic agent due to its ability to regulate inflammation and eradicate bacterial infections. Impaired wound healing is a prominent diabetic complication which may lead to amputations also. In addition to modern medicines we can use nitric oxide therapy prominently for diabetic wound healing. Prominent and proven role of nitric oxide as well as conventional materials (like metformin and hydrogen sulphide, whey proteins, acidified nitrile etc), therapies (like low level laser therapy, hyperbaric oxygen therapy etc) and techniques (like in vivo implants with biosensors) can be taken into consideration. Many plant extracts showed promising results for wound healing activity by increasing nitric oxide levels. Use of modern technologies such as implant with biosensor and technique like sonic head hog gene are available for diabetic wound healing using Nitric oxide. In this review, an attempt has been made to compile comprehensive updated information of role of nitric oxide in diabetic wound healing, which may be exploited by focusing more on development of effective strategies to treat diabetes-associated wound."
Dr. Ganesh Bhaurao Choudhari,ql-JsDwAAAAJ,Development and validation of a stability indicating RP-HPLC method for the determination of terizidone,2018,"A simple, rapid, sensitive, and linear stability indicating reverse phase HPLC method was developed for estimation of Terizidone. In this method separation was carried out on HiQSil C8 column (250mm*4.6 mm, 5 mu m) using Ammonium Acetate Buffer pH 3 (adjusted with glacial acetic acid) and methanol (60:40 v/v) as mobile phase at flow rate of 1 ml/min. The quantification was carried out at 264 nm. The retention time (tR) of drug was 7.3 +/- 0.10 min. The method was validated with respect to linearity, precision, assay, accuracy and robustness. The data of linear regression analysis indicated a good linear relationship over the range of 5-30 mu g/ml concentrations with a correlation coefficient (r(2) ) of 0.9837. Terizidone was subjected to different stress testing conditions. The degradation products were well resolved from the drug under the tested conditions."
Dr. Ganesh Bhaurao Choudhari,ql-JsDwAAAAJ,Design and evaluation of emulgel with a polyherbal basis for topical delivery,2025,"The prepared various batches for the formulation underwent rigorous assessment for various parameters, including physical appearance, pH, homogeneity, spreadability, viscosity, centrifugation stability, and in vitro drug release analysis. Additionally, it was characterized for swelling index, drug content uniformity, and globule size, ensuring a comprehensive evaluation. The emulgel exhibited pH levels compatible with skin application, excellent spreadability, uniform homogeneity, and optimal viscosity, ensuring better patient compliance and stability. The in vitro drug release studies demonstrated a controlled and sustained release profile, further enhancing its therapeutic potential. Overall, the formulation met satisfactory standards across all parameters, showcasing its efficacy as a promising antimicrobial agent, with the potential to improve topical drug delivery and patient outcomes significantly."
Dr. Ganesh Bhaurao Choudhari,ql-JsDwAAAAJ,Bio-analytical estimation of metformin co-administered with antidiabetic and antihyperlipidemic herbal preparations by LCMS,2024,"The antidiabetic and antihyperlipidemic herbal preparations were developed in liquid and oral tablet dosage form as Saptarangi Plus Kadha (SK) and Saptarangi Tablet (ST). Streptozotocin (STZ)(45mg/kg) was injected by single intraperitoneal (ip) injection and diabetes was induced in Wistar rats of group II to group VII. Metformin (100mg/kg, po) was co-administered orally to group IV to VII with SK and ST as a reference standard drug. There is a need of bio-analytical study and standardization of herbal preparation which is required to get approval of the regulatory agencies for the commercialization. The estimation of metformin was carried in the presence of other herbal phytoconstituents by LCMS/MS. The samples of all the groups were centrifuged and vortexed. The samples were prepared in ACN: 0.1% formic acid (70: 30) and LCMS method was developed and validated. The metformin was estimated in …"
Dr. Ganesh Bhaurao Choudhari,ql-JsDwAAAAJ,Development and Validation of UV Spectrophotometric Methods for Estimation of Mycophenolate Sodium in Bulk and Pharmaceutical Formulations,2012,"Three simple, economical, precise and accurate UV Spectrophotometric methods have been developed for the estimation of Mycophenolate sodium in bulk and pharmaceutical formulations. Method A involves measurement of absorbance of solution at 250.23 nm in methanol. Method B involves measurement of integrated area under curve in the wavelength range of 248.07 nm-250.03 nm and is used to construct calibration curve. Method C is first order derivative spectroscopy method, in which first order derivative amplitude at 258.42 nm is measured. Linearity for detector response was observed in the concentration range of 10-50 µg/ml for all the three methods in methanol. The results of analysis have been validated as per ICH analytical method validation guidelines. Accuracy, precision and recovery studies were carried which confirmed the validity of the proposed methods."
Dr. Ganesh Bhaurao Choudhari,ql-JsDwAAAAJ,Recent and incoming trends of nanofillers in the drug delivery industry,2023,"Nanofillers (NFs) are used in various pharmaceutical formulations to achieve desired drug delivery system (DDS) properties for successful drug delivery goals; to win over their intrinsic limitation of DDS. By nature, NFs have diverse characteristics, are conveniently prepared, and are cost-effective. Nanofillers includes organic, inorganic, carbon, nanocomposite materials and materials from other categories. Most of the nanofiller are lighter, durable, versatile, and are reliable for various applications. New types of materials such as metal oxide framework, 3D bioprinted, MXenes, and hydroxy apatite, are emerging, with excellent drug delivery applications.Nanofiller applications in various DDS such as hydrogels, tablets, wound dressings, films and membranes, microneedles, soft nongelation capsules, and microparticles are reviewed. Major applications are reported for hydrogels and transdermal delivery systems …"
Dr. Ganesh Bhaurao Choudhari,ql-JsDwAAAAJ,"Evaluation of antidiabetic potential, cardio, pancreatic, nephroprotective effect, and herb-herb-drug interaction of Madhukiran formulations in T2 diabetic rats",2025,"Background and aimMadhukiran Powder (MP) and Madhukiran Liquid (ML) formulations are used as supportive health supplements by people suffering from type 2 diabetes (T2D) either alone or concomitantly. The present study was undertaken to substantiate their usefulness in T2D management further using in vivo models. Herb-herb interactions (HHI), and herb-drug interactions (HDI) along with antidiabetic, cardio, hepatic, pancreatic, and nephroprotective effects of Madhukiran Formulations (MFs) were studied on STZ-NA-induced T2D rats.Experimental procedureWistar rats were given a single intraperitoneal injection of STZ fifteen minutes after receiving an injection of NA, which caused diabetes. Hypoglycemic, antihyperlipidemic, antioxidant, cardio, pancreatic, reno, and hepatoprotective activities of MP, ML, MP+ML alone and combined with Metformin were evaluated. Histological alterations in the heart …"
Dr. Ganesh Bhaurao Choudhari,ql-JsDwAAAAJ,"4. Preparation, Characterization and Determination of Antioxidant Activity of Anterdhum Padhati Mashi (APM) and Bahirdhum Padhati Mashi (BPM) of Cocos Nucifera Husk",2017,
